station,n_departures,avg_daily_departures,n_arrivals,avg_daily_arrivals,departure_arrival_ratio,n_destinations,n_origins,mean_duration,median_duration,std_duration,weekend_ratio,morning_rush_ratio,evening_rush_ratio,night_ratio
10632,4058,11.209944751381215,4031,11.197222222222223,1.0066980898040188,452,439,1245723.4507146378,880538.5,4237998.93758828,0.17496303597831445,0.1264169541646131,0.24519467718087729,0.014539181862986693
22169,11770,32.33516483516483,11779,32.35989010989011,0.9992359283470583,615,618,905153.1382327953,542541.0,10419133.207179504,0.23237043330501275,0.22387425658453697,0.2239592183517417,0.026423109600679694
200053,3280,9.11111111111111,3097,8.53168044077135,1.0590894413948984,466,426,2110211.1542682927,925209.5,40009964.4379744,0.21371951219512195,0.2173780487804878,0.2838414634146341,0.03170731707317073
300048,7946,22.383098591549295,7796,21.89887640449438,1.0192406362237045,374,409,1045338.4855273094,742999.5,5700717.540433621,0.2615152277875661,0.40812987666750566,0.1580669519254971,0.017870626730430404
22175,6259,17.195054945054945,6160,16.876712328767123,1.0160714285714285,393,406,1598039.1342067423,889888.0,21287641.192801017,0.281195079086116,0.27576290142195237,0.1503435053522927,0.044735580763700274
10629,7915,21.744505494505493,7961,21.87087912087912,0.9942218314282125,502,562,1865666.0104864181,994994.0,19099507.118476726,0.30120025268477574,0.38458622867972203,0.15540113708149084,0.020846493998736577
200187,2178,6.016574585635359,2647,7.332409972299169,0.8228182848507745,374,381,2047870.1740128559,1109989.0,24985511.733361848,0.3071625344352617,0.3273645546372819,0.1414141414141414,0.015151515151515152
1078,7884,21.65934065934066,7890,21.675824175824175,0.9992395437262357,561,565,959336.7714358193,606130.5,7927284.960293658,0.20192795535261288,0.20294266869609334,0.20865043125317098,0.02828513444951801
200184,9890,27.17032967032967,10001,27.475274725274726,0.9889011098890111,520,545,1186508.7442871588,643147.5,12857161.114356913,0.26097067745197167,0.1942366026289181,0.24216380182002023,0.024772497472194135
200190,12791,35.14010989010989,13490,36.95890410958904,0.9481838398813937,643,636,1792890.3403955908,866959.0,44750895.69390057,0.28363693221796576,0.2758189351888046,0.19771714486748496,0.011179735751700415
200181,8273,22.728021978021978,8295,22.78846153846154,0.9973477998794454,483,506,1427716.2593980418,779094.0,33531025.644350763,0.24984890608001933,0.36564728635319715,0.155445424876103,0.012933639550344494
22163,16155,44.38186813186813,16834,46.247252747252745,0.9596649637638114,700,692,1577908.6214794181,728757.0,44297694.68103076,0.18662952646239556,0.1968430826369545,0.2733519034354689,0.03225007737542557
1206,14393,39.54120879120879,14456,39.714285714285715,0.9956419479800774,685,655,1545608.8274855833,968149.0,15129381.678401496,0.25699993052178144,0.10720489126658793,0.31918293614951715,0.01438199124574446
22160,7411,20.35989010989011,7441,20.442307692307693,0.9959682838328182,629,637,1471254.0723249223,810874.0,20314615.372903615,0.34921063284307113,0.15962758062339766,0.23114289569558763,0.030630144379975712
1188,5942,16.36914600550964,5324,14.707182320441989,1.1160781367392938,529,527,1729086.561427129,1177802.5,13116958.799146574,0.32514304947829015,0.20447660720296196,0.20615954224166946,0.04796364860316392
3427,14719,40.43681318681319,12665,34.793956043956044,1.1621792341097512,631,622,1684300.5553366398,669381.0,43808455.9960286,0.22494734696650587,0.31510292818805624,0.19919831510292818,0.03104830491201848
300063,14315,39.32692307692308,14307,39.1972602739726,1.0005591668414062,678,707,3396274.266294097,1060855.0,85269046.74569555,0.29898707649318895,0.3016416346489696,0.17520083828152289,0.034788683199441145
1182,17925,49.51657458563536,15965,44.10220994475138,1.122768556216724,670,652,1277298.9237377965,647018.0,12589306.515607024,0.2681171548117155,0.16200836820083683,0.21690376569037656,0.03715481171548117
300069,11232,30.857142857142858,10123,27.810439560439562,1.1095525041983603,569,537,1848381.077457265,705764.5,82751537.14545108,0.26308760683760685,0.3191773504273504,0.17556980056980057,0.029113247863247864
200044,12311,34.00828729281768,9591,26.3489010989011,1.2835992075904494,709,660,973252.2734952482,697688.0,7077124.184670749,0.07432377548533832,0.057428316140037364,0.4867191942165543,0.007391763463569166
1209,13131,36.074175824175825,12971,35.63461538461539,1.012335209313083,620,605,1294513.7070291676,586470.0,26247559.39681598,0.20417333028710685,0.1956438961236768,0.2573299824841977,0.02200898636813647
1051,12140,33.35164835164835,11464,31.494505494505493,1.0589672016748082,578,578,1218346.628088962,658001.5,20083798.17343007,0.25222405271828663,0.335831960461285,0.171169686985173,0.012602965403624383
1072,53880,148.4297520661157,50563,140.06371191135733,1.0656013290350652,696,643,1030787.9266703787,724913.5,42770017.7842216,0.036748329621380846,0.7457869339272457,0.03973645137342242,0.006198960653303638
3430,15399,42.30494505494506,15450,42.44505494505494,0.9966990291262136,649,627,1753781.701798818,747789.0,30588825.208121967,0.2580687057601143,0.16358205078251833,0.23754789272030652,0.03896356906292616
1063,5671,17.237082066869302,7321,21.984984984984983,0.7746209534216637,577,576,971151.6864750485,723206.0,3418792.595204316,0.057661788044436606,0.05819079527420208,0.4577675894903897,0.007758772703226944
10623,4700,12.912087912087912,4719,12.92876712328767,0.9959737232464505,555,554,1283220.539787234,730281.5,11364755.487982184,0.17425531914893616,0.18127659574468086,0.3059574468085106,0.01276595744680851
200047,9555,26.25,9185,25.233516483516482,1.04028307022319,468,465,1538537.336577708,574064.0,31981476.064517654,0.2718995290423862,0.1945578231292517,0.22344322344322345,0.04866562009419152
1066,5529,15.231404958677686,4798,13.145205479452056,1.1523551479783243,495,508,1080413.4393199494,714411.0,9940784.236430017,0.20293000542593598,0.23874118285404233,0.1826731777898354,0.04702477844094773
3421,7125,19.574175824175825,7024,19.296703296703296,1.014379271070615,641,617,1784941.1939649123,705317.0,32461895.607608348,0.16547368421052633,0.13108771929824561,0.3167719298245614,0.022035087719298244
200175,7259,19.942307692307693,6915,18.997252747252748,1.0497469269703543,549,553,1302434.4891858383,990506.0,8917126.797768472,0.20898195343711254,0.45460807273729165,0.15126050420168066,0.020250723240115717
1081,16737,45.98076923076923,16796,46.142857142857146,0.9964872588711599,687,675,1122622.8441178228,669543.0,15518130.77602851,0.29449722172432335,0.17314930991217065,0.2355858278066559,0.02025452590069905
300051,10405,28.585164835164836,10345,28.42032967032967,1.0057999033349445,515,543,1338546.5199423353,876639.0,12514616.88940829,0.24171071600192215,0.3592503604036521,0.1715521383950024,0.017107160019221527
1075,42737,117.08767123287672,36931,101.73829201101928,1.1572120982372534,773,772,3657605.184547348,1434623.0,77537362.73668274,0.38201090390060133,0.059714065095818614,0.2703512179142195,0.009733954184898332
0,0,0.0,607,0.0,0.0,0,354,0.0,0.0,0.0,0.0,0.0,0.0,0.0
200163,15608,42.879120879120876,17593,48.332417582417584,0.887171033933951,607,629,2749718.079382368,1086928.0,79708739.06526977,0.22046386468477705,0.051832393644284984,0.4668759610456176,0.044079958995386984
1054,9021,24.85123966942149,7098,19.5,1.2709213863060016,575,535,1028691.3259062188,704710.0,11973446.801387675,0.19942356723201418,0.2950892362265824,0.2136126815208957,0.04411927724199091
1212,3125,22.977941176470587,3180,23.38235294117647,0.9827044025157232,520,512,1504617.88864,814373.0,16514273.717789192,0.16448,0.40128,0.1648,0.02976
300054,9296,25.53846153846154,9019,24.77747252747253,1.0307129393502605,490,513,1292160.545288296,803231.0,25898240.55241927,0.2575301204819277,0.32282702237521516,0.16135972461273665,0.04475043029259897
200032,8824,24.24175824175824,8707,23.854794520547944,1.0134374641093373,640,641,1759213.5821622848,827836.0,35895936.48898194,0.2403671804170444,0.3135766092475068,0.20330915684496828,0.023345421577515867
300042,4872,13.384615384615385,4686,12.909090909090908,1.0396927016645328,388,445,1383428.308497537,798962.0,8258598.602304814,0.23973727422003285,0.27586206896551724,0.2272167487684729,0.022372742200328408
200172,9583,26.326923076923077,9295,25.535714285714285,1.0309844002151693,525,524,1161719.6907022854,518637.0,12034727.174812747,0.23792131900240007,0.19597203380987166,0.25075654805384534,0.022122508608995096
300203,9367,25.663013698630138,9444,25.873972602739727,0.9918466751376536,705,656,2307235.655492687,827917.0,72551965.9279085,0.17657734600192165,0.3287071634461407,0.18031386783388492,0.06939254830788939
1200,11283,30.997252747252748,11301,31.046703296703296,0.9984072205999469,655,640,1799223.2059735886,619550.0,31177171.097443182,0.24550208277940264,0.21643180005317736,0.19560400602676592,0.07506868740583178
300060,10224,28.8,9746,27.376404494382022,1.0490457623640468,564,627,1278847.681044601,805042.5,12108058.641857231,0.268877151799687,0.30672926447574334,0.18945618153364632,0.028560250391236306
200178,11820,32.472527472527474,12635,34.90331491712707,0.9354966363276612,714,717,2409155.660744501,1135661.5,59769702.35918985,0.25524534686971234,0.08781725888324873,0.29974619289340104,0.01751269035532995
1194,7237,19.88186813186813,7294,20.03846153846154,0.992185357828352,644,606,1449206.8851734144,886669.0,9308704.252254022,0.2470637004283543,0.14287688268619594,0.24360923034406523,0.04587536271935885
300057,6033,16.665745856353592,5677,15.682320441988951,1.0627091773824202,508,490,1509253.4200232057,1045782.0,11396675.772637764,0.3252113376429637,0.254931211669153,0.18846345101939332,0.03878667329686723
200050,4406,12.07123287671233,4456,12.275482093663912,0.9887791741472173,355,410,1340072.3819791195,932564.0,6022050.315796379,0.3129822968679074,0.16976849750340445,0.2498865183840218,0.03404448479346346
200056,5445,14.958791208791208,5517,15.156593406593407,0.9869494290375204,544,523,1023722.270523416,763556.0,2320286.6590826926,0.22589531680440772,0.18824609733700642,0.23911845730027548,0.0216712580348944
1203,22577,61.85479452054795,19980,54.89010989010989,1.12997997997998,715,685,1481060.9789165966,868340.0,38106758.8725645,0.1757540860167427,0.32068033839748417,0.24414226868051556,0.012269123444213137
300200,8890,24.490358126721762,8885,24.47658402203857,1.0005627462014632,373,409,3096122.7868391452,1196664.5,41894416.190235294,0.3597300337457818,0.2109111361079865,0.21214848143982,0.01687289088863892
200160,3735,10.260989010989011,3674,10.065753424657535,1.0166031573217202,300,337,1830431.6725568941,1105644.0,19379120.775243387,0.30843373493975906,0.2886211512717537,0.16680053547523427,0.02998661311914324
3424,11825,32.48626373626374,12160,33.40659340659341,0.9724506578947368,721,734,1183838.727357294,771537.0,11768796.655625844,0.2105708245243129,0.0878646934460888,0.3714164904862579,0.009640591966173362
200035,3710,10.192307692307692,3635,10.041436464088397,1.0206327372764787,347,340,1423091.8752021564,538763.5,16251848.038040923,0.24555256064690026,0.2757412398921833,0.19946091644204852,0.01778975741239892
22178,11163,30.667582417582416,10846,29.796703296703296,1.0292273649271622,411,432,1051708.9194660934,715329.0,3566032.985125837,0.2549493863656723,0.37570545552270895,0.16572605930305473,0.011556033324375168
1057,6704,18.519337016574585,4914,13.574585635359115,1.3642653642653642,568,501,902201.133800716,687549.0,2412314.0225456823,0.1942124105011933,0.3160799522673031,0.18600835322195705,0.016706443914081145
300072,6060,16.694214876033058,5348,14.814404432132964,1.1331338818249812,473,469,877781.7922442245,623175.5,2766258.3155604387,0.2207920792079208,0.30825082508250823,0.18184818481848186,0.016666666666666666
3436,22791,62.441095890410956,23027,63.260989010989015,0.9897511616797672,689,695,995896.3514983985,700606.0,5205207.604690635,0.2603659339212847,0.113114826027818,0.2899390110131192,0.016673248212013513
22166,9767,26.832417582417584,9146,25.126373626373628,1.0678985348786354,522,501,1067322.2855533941,749278.0,4509413.370175726,0.2655882051807106,0.26988839971332035,0.14139449165557488,0.05293334698474455
1060,4310,18.903508771929825,4347,19.06578947368421,0.9914883827927307,560,537,1107824.0257540604,755598.5,5300253.034019023,0.32900232018561487,0.1842227378190255,0.21902552204176334,0.07192575406032482
200169,9506,26.18732782369146,9045,24.917355371900825,1.0509673852957435,558,575,1052313.9130023143,834622.0,1537958.7053863904,0.19882179675994108,0.4057437407952872,0.1476961918788134,0.022827687776141383
200166,8053,22.063013698630137,8599,23.623626373626372,0.9365042446796139,549,572,1663019.9176704334,1083171.0,11268266.699910639,0.24276667080591083,0.2246367813237303,0.23357754873960015,0.029181671426797468
2635,37,5.285714285714286,27,3.857142857142857,1.3703703703703705,19,15,1194839.3513513512,1095576.0,897312.1624856838,0.1891891891891892,0.16216216216216217,0.13513513513513514,0.0
2641,6392,17.95505617977528,5329,15.05367231638418,1.1994745730906362,482,444,1136510.5530350439,590350.5,13623074.671764452,0.2498435544430538,0.32900500625782225,0.18773466833541927,0.034574468085106384
3439,10350,28.434065934065934,9631,26.458791208791208,1.074654760668674,661,628,1124161.6396135266,650643.5,10844226.81754465,0.22801932367149758,0.21565217391304348,0.21990338164251208,0.02502415458937198
3433,12080,33.18681318681319,11670,32.06043956043956,1.035132819194516,599,616,941565.6466059602,569054.5,19479454.271754026,0.1650662251655629,0.2721026490066225,0.26589403973509934,0.01705298013245033
22172,6736,18.505494505494507,6673,18.332417582417584,1.0094410310205304,373,402,1394353.8377375298,928739.5,12092693.876468,0.25905581947743467,0.2663301662707839,0.1656769596199525,0.04453681710213777
1069,3507,10.468656716417911,3500,10.479041916167665,1.002,508,501,1514953.9078984887,966127.0,15284607.278727194,0.19190191046478472,0.15169660678642716,0.2802965497576276,0.037639007698887936
200059,11009,30.244505494505493,11468,31.505494505494507,0.9599755842343913,505,546,1695291.344717958,943387.0,17414805.008229222,0.3022981197202289,0.1748569352348079,0.21582341720410572,0.013171041874829684
200038,12305,33.71232876712329,11394,31.302197802197803,1.0799543619448833,408,437,946932.0097521333,540212.0,14344886.403517429,0.23665176757415685,0.37253149126371393,0.18561560341324665,0.017472572125152377
22181,5442,14.95054945054945,5213,14.321428571428571,1.043928639938615,437,453,950153.9685777287,691598.5,2628961.6613482255,0.22216097023153253,0.2772877618522602,0.20286659316427783,0.03270856302829842
1197,13847,38.04120879120879,15073,41.40934065934066,0.9186625091222717,770,744,1367843.9053946703,987948.0,9528208.475644048,0.2646060518523868,0.026865024915144073,0.40709178883512676,0.024120748176500326
200029,9736,26.747252747252748,9288,25.516483516483518,1.0482342807924203,471,491,1031748.2754724734,751355.5,1816131.8944543358,0.26684470008216926,0.32230895645028756,0.18262119967132293,0.01684470008216927
300045,11156,30.64835164835165,10750,29.532967032967033,1.0377674418604652,571,587,1107610.3614198638,792192.5,2597791.8811634784,0.2740229472929365,0.34035496593761205,0.17577984940839012,0.017031193976335603
200041,7391,20.304945054945055,6885,18.914835164835164,1.0734931009440813,430,448,1238025.5939656338,701778.0,10846609.896734899,0.2715464754431065,0.29535922067379244,0.18197808145041267,0.062237856852929235
1191,11411,31.3489010989011,11540,31.790633608815426,0.9888214904679377,672,666,1259762.1161160283,831680.0,13176717.967276659,0.22723687669792306,0.053632459907107174,0.37858206993252125,0.006309701165542021
3457,8536,23.386301369863013,8921,24.50824175824176,0.9568434032059187,648,637,1593883.7892455482,766731.0,35447249.65576731,0.19154170571696344,0.18181818181818182,0.32872539831302716,0.01429240862230553
962,11206,30.87052341597796,11946,32.90909090909091,0.9380545789385568,670,666,1020049.3641799036,688671.0,5781339.46928393,0.15188291986435837,0.32054256648224166,0.2102445118686418,0.03685525611279672
200083444,488,14.352941176470589,554,15.82857142857143,0.8808664259927798,150,160,820501.8975409836,663849.5,607551.4671342197,0.1885245901639344,0.29713114754098363,0.1762295081967213,0.040983606557377046
1111,1849,7.935622317596566,1677,7.046218487394958,1.1025641025641026,253,226,2349281.7117360737,632788.0,34899719.411579736,0.22498647917793402,0.32936722552731207,0.18171984856679285,0.017847485127095726
200065,3155,8.788300835654596,2710,7.633802816901408,1.1642066420664208,397,343,1250345.857369255,818615.0,5803049.238371121,0.30522979397781297,0.31061806656101426,0.1537242472266244,0.012678288431061807
1108,9742,26.763736263736263,8947,24.512328767123286,1.088856599977646,579,563,1326739.358961199,856135.0,15154157.949386764,0.16629028946828167,0.2723260110860193,0.2666803531102443,0.019297885444467255
980,22569,62.002747252747255,23339,64.11813186813187,0.9670080123398603,761,739,1067507.6130089946,825130.0,6273207.207318229,0.1564535424697594,0.07173556648500155,0.36931188798794806,0.010235278479330055
3451,14793,40.752066115702476,15750,43.388429752066116,0.9392380952380952,760,757,1750007.1220171703,1026125.0,46178885.069606274,0.24694112080037856,0.06820793618603394,0.3853173798418171,0.026701818427634694
200202,21933,60.255494505494504,25943,71.27197802197803,0.8454303665728713,782,789,1977059.5094606301,1195288.0,23792970.417913776,0.2744722564172708,0.05133816623352939,0.32330278575662247,0.008206811653672548
200074,8508,23.43801652892562,8806,24.325966850828728,0.966159436747672,692,677,1213630.8918664786,780380.0,8977150.460275581,0.14891866478608368,0.06123648330982605,0.40420780441937,0.02703338034790785
300093,5621,15.442307692307692,5561,15.319559228650137,1.010789426362165,619,527,2553835.7356342287,1015123.0,33822339.2870095,0.2346557552037004,0.039316847536025615,0.28144458281444584,0.0410958904109589
2680,9897,27.189560439560438,9257,25.431318681318682,1.0691368693961327,589,571,1379520.846216025,709953.0,25137521.677348495,0.25330908356067494,0.21703546529251289,0.22239062342123875,0.055370314236637366
1221,9537,26.12876712328767,12779,35.107142857142854,0.746302527584318,709,718,1594962.537171018,973084.0,36364078.90444789,0.20153087973157177,0.05232253329139142,0.4429065743944637,0.024745727167872496
1224,11329,31.123626373626372,11360,31.208791208791208,0.9972711267605634,576,617,819463.8562979962,574729.0,3588104.336783073,0.24468179009621327,0.23205931679759909,0.2464471709771383,0.04210433401006267
300224,5745,15.782967032967033,7711,21.184065934065934,0.7450395538840617,582,595,1234630.0915578764,752822.0,8535845.59185562,0.20922541340295908,0.20348128807658833,0.2560487380330722,0.03429068755439513
965,11716,32.18681318681319,11373,31.244505494505493,1.0301591488613382,638,650,1085188.9050017071,655107.0,8066670.36966301,0.26365653806759987,0.24539091840218505,0.18820416524411063,0.01707067258449983
3460,11140,30.52054794520548,9318,25.5989010989011,1.1955355226443443,637,609,1096459.9685816877,762559.0,9299280.601543969,0.24048473967684023,0.37998204667863555,0.14775583482944343,0.016247755834829444
300081,12203,33.43287671232877,12206,33.532967032967036,0.9997542192364411,606,608,1794796.0046709825,897009.0,34112557.93242074,0.2972219945914939,0.2596902401048922,0.16766368925674013,0.06924526755715808
200080,5423,15.27605633802817,5249,14.82768361581921,1.0331491712707181,414,383,980367.6588604094,620965.0,4077478.5530968625,0.2423013092384289,0.3337635994836806,0.1792365849160981,0.02268117278259266
200196,12465,34.244505494505496,12278,33.73076923076923,1.0152304935657273,568,620,976971.8913758524,714007.0,2728864.7287264545,0.2689129562775772,0.33132771760930607,0.17561171279582832,0.03265142398716406
200062,8968,24.63736263736264,8890,24.423076923076923,1.0087739032620922,487,526,1091703.8253791258,820411.0,7775073.72248002,0.24933095450490633,0.2585860838537021,0.16804192685102587,0.03189116859946477
200208,7961,21.931129476584022,7515,20.702479338842974,1.0593479707252162,557,601,1946168.4196708957,823588.0,65112669.82947946,0.2547418665996734,0.3680442155508102,0.17962567516643638,0.015199095591006155
300236,10651,29.42265193370166,10663,29.455801104972377,0.9988746131482698,557,555,1952842.439395362,1177955.0,19212914.38038943,0.3026945826682941,0.2533095483992113,0.15613557412449536,0.013238193596845367
1114,10176,29.32564841498559,10524,30.328530259365994,0.9669327251995439,600,604,1022549.6256878931,828421.0,2066962.9862753444,0.2172759433962264,0.13708726415094338,0.3277319182389937,0.016312893081761006
200211,8293,22.782967032967033,8583,23.57967032967033,0.9662122800885471,543,602,1227371.432171711,848453.0,10681421.065195868,0.24357892198239478,0.33763414928252744,0.1276980586036416,0.031110575183890026
2683,9096,24.98901098901099,9192,25.322314049586776,0.9895561357702349,697,708,1441808.9444810906,1011937.5,12739171.196866095,0.26561125769569044,0.08564204045734389,0.3033201407211961,0.011653474054529463
2677,14311,39.75277777777778,15807,44.030640668523674,0.9053583855254002,608,581,1188786.3665012927,802124.0,11088278.584093854,0.17916288169939207,0.05038082593808958,0.4200265530011879,0.018028090280204037
300084,1452,4.160458452722063,1529,4.34375,0.9496402877697842,207,175,2602460.51446281,629029.0,45488883.28625915,0.2830578512396694,0.19696969696969696,0.19972451790633608,0.01584022038567493
3442,6075,16.735537190082646,6047,16.61263736263736,1.0046303952373077,469,477,1019204.9142386832,718460.0,2505149.821088292,0.2609053497942387,0.2408230452674897,0.21530864197530863,0.06979423868312758
300212,16446,45.18131868131868,16093,44.21153846153846,1.0219350027962468,740,708,2303376.3918278,907773.0,75916720.1398672,0.22479630305241396,0.32615833637358627,0.1771251368113827,0.05697434026511006
2662,8324,22.86813186813187,8802,24.181318681318682,0.9456941604180868,682,658,1618260.4084574725,924441.0,17618227.15772475,0.15293128303700143,0.12049495434887074,0.39247957712638154,0.014656415185007208
1093,16895,46.41483516483517,15827,43.36164383561644,1.0674796234283186,662,653,992345.4686593667,697210.0,9890846.599460732,0.21420538620893756,0.3376146788990826,0.18839893459603432,0.023142941698727434
300078,2352,6.606741573033708,2381,6.688202247191011,0.9878202435951281,299,342,1228378.198979592,1050834.5,1187106.797041513,0.21768707482993196,0.45153061224489793,0.14923469387755103,0.01020408163265306
300230,4287,11.777472527472527,4302,11.81868131868132,0.9965132496513249,417,453,1407875.391649172,998463.0,13533735.430821039,0.24445999533473292,0.3683228364823886,0.12129694425005831,0.04035456029857709
300099,841,13.34920634920635,831,13.19047619047619,1.0120336943441637,329,271,4875583.175980975,876785.0,52942148.033993475,0.23781212841854935,0.04518430439952437,0.2615933412604043,0.06420927467300833
1102,15764,43.30769230769231,14660,40.27472527472528,1.0753069577080492,664,648,2769090.2257675715,725833.5,114900885.57287686,0.2463207307789901,0.22158081705150978,0.23154021821872622,0.03869576249682822
3472,3347,9.297222222222222,3427,9.440771349862258,0.9766559673183542,434,426,904149.5407827905,639935.0,4724382.265004107,0.14281446071108456,0.19420376456528235,0.3104272482820436,0.022109351658201375
3445,18587,51.06318681318681,18508,50.84615384615385,1.0042684244650961,689,680,1121629.479474902,664703.0,27350766.74513174,0.27384731263786516,0.15537741432183785,0.22521116909668049,0.0766664873298542
200214,12723,34.9532967032967,12897,35.43131868131868,0.9865084903465923,532,549,1081817.6036312191,614898.0,11388836.320695914,0.26597500589483614,0.19995284131101154,0.23131336948832823,0.028609604652990648
200086,12684,34.84615384615385,11065,30.39835164835165,1.1463172164482602,563,545,1267746.3632134972,768023.5,6014204.185555064,0.26340271207820876,0.28382213812677387,0.17683695994954274,0.02073478397981709
200068,11856,32.751381215469614,12601,34.71349862258953,0.9408777081184033,760,741,2553509.0474865045,1172125.5,53282342.08185321,0.27521929824561403,0.045968286099865044,0.291497975708502,0.0481612685560054
1105,11824,32.394520547945206,11741,32.255494505494504,1.0070692445277234,556,568,1083783.0599627877,691852.5,8074071.01468912,0.24813937753721244,0.19519621109607577,0.21701623815967525,0.04254059539918809
200193,14893,40.91483516483517,15585,42.815934065934066,0.9555983317292268,695,707,1672969.0513664137,732410.0,43599727.78274325,0.20768146108910226,0.15201772644866715,0.2844289263412341,0.026455381722957094
3454,7416,20.373626373626372,7301,20.057692307692307,1.0157512669497328,536,572,924752.1221682848,790509.5,1288164.179216049,0.2295037756202805,0.26658576051779936,0.2104908306364617,0.0314185544768069
1099,9962,27.36813186813187,8817,24.156164383561645,1.12986276511285,525,511,1392232.9884561333,680677.0,15484158.746012954,0.2644047380044168,0.2450311182493475,0.1901224653683999,0.015960650471792813
300227,6134,16.85164835164835,6205,17.046703296703296,0.9885576148267526,317,351,3064632.012063906,1353182.0,38853506.38001439,0.38408868601238993,0.18829475057059014,0.22513857189435932,0.0156504727746984
200205,3304,9.101928374655648,3435,9.436813186813186,0.961863173216885,332,405,1689391.8229418886,895422.5,16580235.046178168,0.2944915254237288,0.2236682808716707,0.2563559322033898,0.021791767554479417
983,7857,21.585164835164836,7922,21.763736263736263,0.9917950012623075,678,625,2381572.9245259003,850379.0,44776185.374581724,0.15782105129184168,0.2716049382716049,0.2413134784268805,0.05574646811760214
300087,7100,19.505494505494507,6716,18.45054945054945,1.0571768910065515,422,433,3719635.775492958,634420.5,154077096.74118903,0.2412676056338028,0.296056338028169,0.16211267605633803,0.04464788732394366
200220,6582,18.132231404958677,6565,18.035714285714285,1.0025894897182026,443,464,1360681.9562443027,804440.5,11601559.85110967,0.2657247037374658,0.36584624734123367,0.1669705256760863,0.013065937405044059
300075,6621,18.189560439560438,6398,17.576923076923077,1.0348546420756486,497,483,1028468.8329557469,791736.0,1303135.5571269812,0.1617580425917535,0.17791874339223682,0.25404017520012084,0.016613804561244526
2665,3954,10.862637362637363,2809,7.759668508287293,1.4076183695265219,474,421,1503508.5477996964,880930.5,13899261.597896645,0.25088517956499745,0.2569549822964087,0.18234699038947902,0.014921598381385938
1059444,599,16.18918918918919,547,14.783783783783784,1.0950639853747715,190,187,1086736.7863105175,820718.0,2311595.84740324,0.1686143572621035,0.22203672787979967,0.27712854757929883,0.045075125208681135
200089,5438,14.898630136986302,5474,15.038461538461538,0.9934234563390574,324,364,1890904.018756896,789891.5,38560559.970553346,0.2690327326222876,0.1312982714233174,0.1575947039352703,0.08017653549098934
300206,8881,24.33150684931507,9310,25.506849315068493,0.953920515574651,671,705,2798638.8955072626,1335906.0,34095320.885448664,0.2785722328566603,0.3382501970498818,0.15324850805089518,0.03873437675937395
300209,11927,32.76648351648352,11268,30.956043956043956,1.0584842030528931,557,586,1130132.0536597637,755696.0,14013074.901505155,0.24415192420558396,0.38316424918252706,0.16374612224364887,0.03982560576842458
3469,7812,21.520661157024794,9007,24.88121546961326,0.8673254135672255,606,616,1245697.3826164876,943185.5,3701554.019416419,0.23527905785970302,0.11559139784946236,0.3283410138248848,0.030337941628264208
1227,14317,39.332417582417584,12882,35.39010989010989,1.1113957460021735,628,593,1794442.4498847523,772803.0,50595249.69148443,0.2788992107285046,0.26695536774463924,0.22029754836907173,0.03422504714674862
200217,6045,16.607142857142858,6142,16.873626373626372,0.98420709866493,387,451,1234984.0980976014,851696.0,3636044.56605069,0.21803143093465674,0.30190239867659224,0.2001654259718776,0.024648469809760133
3448,11104,30.421917808219177,11079,30.436813186813186,1.0022565213466919,598,586,923473.3897694525,607373.5,9644309.209155086,0.1929034582132565,0.2978206051873199,0.25702449567723346,0.023054755043227664
974,17068,46.89010989010989,16986,46.66483516483517,1.004827505004121,696,677,911807.0942113898,677683.0,2725917.789966728,0.1634637918912585,0.15385516756503398,0.3146238575111319,0.022029528943051324
200083,13566,40.98489425981873,12877,38.903323262839876,1.0535062514560845,557,548,1079956.5975232199,706196.5,10285433.522921033,0.22674332891051158,0.2801120448179272,0.19548872180451127,0.031623175586023886
200199,6079,16.70054945054945,5694,15.6,1.067615033368458,463,457,909739.2747162363,768089.0,732778.0181600661,0.23227504523770356,0.36157262707682186,0.2064484290179306,0.03405165323243955
300221,24819,68.18406593406593,24999,68.4904109589041,0.9927997119884795,707,714,2179190.4930899716,935683.0,67872393.86484824,0.35251218824287844,0.0900116845964785,0.27716668681252266,0.009508844030782868
1087,11477,31.53021978021978,11954,32.84065934065934,0.9600970386481512,664,664,1275516.5605994598,836608.0,10489049.106358321,0.1704278121460312,0.2556417182190468,0.27219656704713774,0.015683540995033544
1218,19852,54.53846153846154,20012,54.827397260273976,0.992004797121727,657,655,990929.4687688898,648645.5,9142788.137088265,0.22828934112431998,0.1228087850090671,0.328178521055813,0.011333870642756398
300233,9772,31.624595469255663,9821,31.990228013029316,0.9950106913756237,377,393,4179059.43020876,1123524.5,62079108.11111647,0.3331968890708146,0.07981989357347523,0.2794719607040524,0.012279983626688497
968,18758,51.532967032967036,21893,60.145604395604394,0.8568035445119444,748,754,1400432.570956392,984226.0,9022644.509848561,0.16579592707111632,0.14415182855315065,0.3849024416249067,0.01050218573408679
200223,7663,21.052197802197803,7266,19.90684931506849,1.054638040187173,565,575,2305162.4713558657,834244.0,104434788.84546186,0.2226282134934099,0.44134151115751014,0.13832702596894167,0.011875244682239331
1090,28232,77.56043956043956,28116,77.24175824175825,1.004125764689145,749,745,1009403.4605412298,630734.5,8651763.621953959,0.2119226409747804,0.1202536129215075,0.30649617455369793,0.02695522810994616
300090,8595,23.743093922651934,8534,23.574585635359117,1.0071478790719475,537,533,1766995.6226876092,1020917.0,13166509.287009316,0.33507853403141363,0.20907504363001744,0.19011052937754508,0.01954624781849913
200071,6828,18.75824175824176,6109,16.782967032967033,1.1176952037976755,512,503,2311706.5524311657,619230.5,115452884.21655308,0.22642062097246632,0.2677211482132396,0.18658465143526656,0.03353837141183363
200077,11738,32.247252747252745,10908,29.967032967032967,1.0760909424275762,539,545,1428177.333787698,823823.0,40297405.49829491,0.24970182313852446,0.4066280456636565,0.16476401431248935,0.013290168682910206
1096,20311,55.79945054945055,16815,46.06849315068493,1.207909604519774,722,703,2156110.581901433,1014857.0,39327147.77312375,0.32716262123972234,0.220422431194919,0.19112796021860076,0.021663138200974843
1084,4953,14.918674698795181,5534,16.975460122699385,0.8950126490784243,579,499,1176881.7637795275,834267.0,8551453.863435032,0.06157884110640016,0.05693519079345851,0.553401978598829,0.019987886129618413
959,9384,25.78021978021978,9612,26.406593406593405,0.9762796504369539,619,641,1104330.289428815,642937.5,14638666.052529296,0.20758738277919864,0.17050298380221654,0.3225703324808184,0.025682011935208866
200092,2040,5.795454545454546,2260,6.348314606741573,0.9026548672566371,207,262,5246423.976960785,711400.0,87452620.45127568,0.421078431372549,0.10980392156862745,0.22892156862745097,0.033823529411764704
3463,6747,18.535714285714285,6857,18.837912087912088,0.9839579991249817,575,519,1084244.4142581888,749086.0,4710628.924809301,0.28056914184081816,0.14865866310953016,0.2586334667259523,0.015562472209871054
2686,9414,25.86263736263736,8101,22.255494505494507,1.1620787557091716,528,507,1195331.142341194,690439.5,11159881.568543687,0.1950286806883365,0.25079668578712555,0.1887614191629488,0.01965158274909709
971,13605,37.37637362637363,14475,39.76648351648352,0.9398963730569948,746,731,1531561.8642410878,874029.0,18264143.794812765,0.24726203601617053,0.05769937522969496,0.3936787945608232,0.015803013597941933
300215,3861,10.636363636363637,4084,11.25068870523416,0.9453966699314398,464,529,4556625.9803159805,1124789.0,126886323.47532156,0.25226625226625227,0.32167832167832167,0.17223517223517223,0.029267029267029267
300096,10482,28.955801104972377,13887,38.256198347107436,0.7548066537049039,693,688,964840.8034726197,779088.5,1927055.2455289755,0.07584430452203778,0.09358900973096737,0.44209120396870827,0.01030337721808815
1230,5785,15.892857142857142,6588,18.19889502762431,0.8781117182756527,577,611,1269381.113050994,1003384.0,4301045.806727425,0.14226447709593776,0.0658599827139153,0.43595505617977526,0.04943820224719101
3499,11839,32.795013850415515,16031,44.53055555555556,0.7385066433784543,643,656,1134327.6055410085,843628.0,7465065.431495253,0.2210490750908016,0.03522256947377312,0.3264633837317341,0.007855393191992566
200229,7569,20.793956043956044,7217,19.826923076923077,1.048773728696134,490,515,1279262.48341921,828963.0,12945419.38956719,0.2601400449200687,0.3347866296736689,0.16990355397014137,0.04122076892588189
200116,11509,31.61813186813187,11182,30.71978021978022,1.0292434269361475,532,532,1927268.0696845946,723515.0,77092124.891928,0.28021548353462505,0.28360413589364847,0.1935007385524372,0.022591015726822487
3490,12660,34.68493150684932,10733,29.486263736263737,1.1795397372589211,619,598,1156374.0104265404,646167.5,13108850.4973495,0.22709320695102686,0.3089257503949447,0.1778041074249605,0.019273301737756713
200226,10824,29.736263736263737,18015,49.62809917355372,0.6008326394671107,738,731,1145250.6846821876,874513.0,9136921.223331358,0.13922764227642276,0.016537324464153732,0.5135809312638581,0.022819660014781966
3487,5082,13.961538461538462,4772,13.182320441988951,1.064962279966471,482,476,2100699.62180244,683548.5,53026072.91315249,0.29456906729634,0.19992129083038174,0.19146005509641872,0.021841794569067298
1141,4790,13.195592286501377,4811,13.253443526170798,0.9956350031178549,615,602,3455230.2340292274,800216.5,141371828.06324965,0.14258872651356994,0.05866388308977036,0.381419624217119,0.037578288100208766
200122,5897,16.20054945054945,5831,16.01923076923077,1.0113188132395816,558,549,1881491.5026284552,1164886.0,9274855.947233243,0.26233678141427846,0.21112430049177547,0.20773274546379514,0.019331863659487875
3493,5558,15.26923076923077,6082,16.708791208791208,0.9138441302203223,588,560,1532679.0842029506,913150.0,15702819.787727965,0.18909679740913998,0.04947822957898525,0.37693414897445127,0.02518891687657431
1132,31421,86.32142857142857,29386,80.5095890410959,1.0692506635812973,748,730,3063375.538747971,1345222.0,36224141.74933009,0.35339422679099963,0.06451099583081378,0.2625632538747971,0.0028961522548613984
1144,7052,19.373626373626372,7512,20.63736263736264,0.9387646432374867,634,649,1114326.9459727737,780119.5,2879058.653697799,0.22447532614861032,0.14293817356778218,0.2802041973908111,0.061968235961429384
2585,2950,8.171745152354571,2610,7.190082644628099,1.1302681992337165,400,373,1042433.587118644,851354.0,1074777.218690044,0.22305084745762713,0.40915254237288134,0.12745762711864406,0.020677966101694915
200235,4659,12.834710743801653,4619,12.724517906336088,1.0086598830915783,333,362,931506.5902554196,670340.0,3076303.590718804,0.27409315303713244,0.3193818415969092,0.19295986263146597,0.010946555054732776
200113,8547,23.48076923076923,8578,23.565934065934066,0.9963861039869434,459,513,1607096.7244647245,905865.0,25920153.901223283,0.26172926172926175,0.31625131625131625,0.19936819936819936,0.03849303849303849
3496,15603,42.86538461538461,15076,41.417582417582416,1.0349562218094985,688,688,1150016.4278664358,822372.0,3935710.009902486,0.1893866564122284,0.24911875921297186,0.2357879894892008,0.03627507530603089
2701,12165,33.42032967032967,11805,32.43131868131868,1.0304955527318933,596,615,1082718.9372790793,737283.0,10529058.742728468,0.24241676942046855,0.24373201808466913,0.24167694204685575,0.03559391697492807
1123,9940,27.307692307692307,10942,30.060439560439562,0.9084262474867483,728,710,1181945.759255533,814209.0,11530065.106609063,0.1858148893360161,0.056841046277665994,0.3827967806841046,0.03189134808853119
3478,7542,21.67241379310345,7458,21.369627507163322,1.0112630732099759,602,618,1431228.7962079025,670823.5,27145002.086079583,0.2511270220100769,0.1939803765579422,0.23601166799257492,0.01007690267833466
986,7115,19.546703296703296,6182,17.03030303030303,1.1509220317049498,575,534,1236139.4971187632,725402.0,13081413.50797302,0.15924104005621925,0.22206605762473647,0.2678847505270555,0.012227687983134224
1129,13710,37.66483516483517,14451,39.70054945054945,0.9487232717459,679,656,1010139.1017505471,736156.0,8093925.315441433,0.11327498176513494,0.17345003646973012,0.44507658643326037,0.01349380014587892
2698,7920,21.75824175824176,6945,19.07967032967033,1.1403887688984882,479,449,1044154.9352272727,713131.0,6145884.766828741,0.25795454545454544,0.3125,0.1869949494949495,0.010353535353535354
3505,4626,12.673972602739726,4452,12.23076923076923,1.0390835579514826,460,423,1506197.4773022048,709329.5,16647865.942288116,0.2881539126675313,0.2427583225248595,0.1815823605706874,0.014699524427150886
300007,3417,9.413223140495868,3411,9.396694214876034,1.0017590149516271,333,378,1709499.4381035997,814014.0,16457065.34188091,0.1952004682470003,0.2824114720515072,0.2510974539069359,0.04594673690371671
3481,7514,20.642857142857142,7089,19.475274725274726,1.0599520383693046,542,563,2114928.4338568007,837746.0,61356038.05422523,0.2694969390471121,0.33084908171413363,0.18698429598083577,0.020761245674740483
1120,9871,27.26795580110497,9107,25.15745856353591,1.083891512023718,581,561,1616387.351433492,1094850.0,11593226.91306707,0.36308378077195824,0.23503191166041942,0.157025630635194,0.014385573903353257
300245,4730,12.994505494505495,4540,12.472527472527473,1.0418502202643172,478,461,2301823.522410148,1030449.0,31877406.514689296,0.23911205073995773,0.3135306553911205,0.17568710359408035,0.04186046511627907
1004,14626,40.07123287671233,12526,34.41208791208791,1.1676512853265208,685,607,1654075.6163681117,817249.5,31078834.457874253,0.1582797757418296,0.40441679201422126,0.1562970053329687,0.020374675235881306
200244,4969,14.036723163841808,4892,13.780281690140844,1.0157399836467702,436,416,1211237.220970014,620283.0,16511103.915256394,0.25699335882471325,0.24250352183537935,0.19420406520426645,0.03139464681022339
2695,13516,37.23415977961432,13618,37.41208791208791,0.992509913349978,643,640,1055343.8238384137,829761.5,6290666.625367296,0.29542764131399823,0.10210121337673868,0.3017904705534182,0.01309559041136431
300242,27186,74.68681318681318,27307,74.81369863013698,0.9955689017468049,776,766,1843769.587434709,908277.0,48816604.34418579,0.17659824909880084,0.1965349812403443,0.3391451482380637,0.026153167071286693
1126,13433,36.90384615384615,14082,38.68681318681319,0.953912796477773,738,713,1455835.0025310803,1041678.0,6610489.060990855,0.2898086801161319,0.04563388669694037,0.33916474354202336,0.01235762674011762
200110,16122,44.16986301369863,15623,42.92032967032967,1.0319400883313063,619,611,1245037.2679568292,667851.0,17337068.441663384,0.27304304676839103,0.2285076293263863,0.22912789976429723,0.014514328247115743
200241,13765,37.815934065934066,13414,36.75068493150685,1.0261666915163263,508,528,2327885.6715583,861133.0,59041742.25189919,0.4103160188884853,0.2124228114783872,0.20087177624409736,0.013294587722484562
200247,10956,30.0989010989011,10528,28.923076923076923,1.0406534954407294,467,486,1838167.1039612996,653650.5,78310914.43214622,0.26798101496896676,0.23293172690763053,0.18711208470244614,0.027564804673238408
1135,8917,24.497252747252748,7970,21.895604395604394,1.1188205771643664,591,646,1252273.2692609623,860607.0,11423502.973900445,0.26163507906246497,0.3466412470561848,0.17696534708982842,0.018840417180666143
200253,7301,20.56619718309859,9965,27.75766016713092,0.732664325137983,627,619,1010242.0668401589,741884.0,5877904.889705408,0.05149979454869196,0.07574304889741132,0.48431721681961376,0.005615669086426517
200098,10504,28.857142857142858,9559,26.18904109589041,1.098859713359138,479,498,1054504.239432597,754572.5,6381862.183097593,0.2202970297029703,0.3873762376237624,0.16031987814166032,0.015613099771515614
200119,9395,25.73972602739726,9022,24.785714285714285,1.0413433828419418,569,577,973396.12368281,696435.0,3768028.4865504378,0.2633315593400745,0.23640234167110166,0.20361894624800425,0.019159127195316657
995,27539,75.6565934065934,29415,80.81043956043956,0.9362230154682984,800,797,1823644.2484839682,1014028.0,31372589.067818742,0.2703801880968808,0.04470024329133229,0.38036965757652785,0.015977341225171575
989,10517,28.892857142857142,8522,23.412087912087912,1.2340999765313307,536,533,1698845.9885899022,604575.0,63582758.35470689,0.2282970428829514,0.336027384235048,0.16440049443757726,0.038318912237330034
200232,5555,15.219178082191782,5576,15.31868131868132,0.9962338593974175,264,306,1547686.405580558,359158.0,21590634.72503421,0.293969396939694,0.3308730873087309,0.18343834383438343,0.040864086408640865
3484,8342,22.980716253443525,8524,23.482093663911847,0.9786485218207415,676,680,1131133.8162311197,903408.0,5657109.749695504,0.14972428674178853,0.013186286262287222,0.4275953008870774,0.009949652361543994
200256,12752,34.93698630136986,11752,32.285714285714285,1.0850918992511913,563,562,1035622.9774153074,788831.5,3391659.812240468,0.27242785445420326,0.2431775407779172,0.20294855708908408,0.04077791718946048
1001,8092,22.23076923076923,7357,20.21153846153846,1.0999048525214081,521,514,1316301.8858131487,639256.5,14541081.195175324,0.25210084033613445,0.2884330202669303,0.16930301532377656,0.023603559070687098
3502,8295,22.726027397260275,7761,21.263013698630136,1.0688055662930034,502,506,856127.6718505124,567451.0,4280540.666875583,0.2603978300180832,0.2958408679927667,0.18975286317058468,0.016515973477998793
998,11027,30.293956043956044,10660,29.285714285714285,1.0344277673545965,571,598,831158.53559445,564370.0,10117504.525133125,0.23895891901695837,0.3546748889090414,0.17457150630271154,0.0098848281490886
200250,19618,53.74794520547945,19118,52.52197802197802,1.0261533633225233,513,573,1445600.7507391172,558179.0,76578404.28473014,0.24859822611887042,0.19242532368233256,0.23437659292486493,0.0324701804465287
200125,6162,16.975206611570247,6152,17.041551246537395,1.0016254876462938,423,455,2310091.1079195067,679072.5,53589186.1640009,0.2732878935410581,0.1679649464459591,0.28107757221681273,0.03343070431678027
1013,7201,19.782967032967033,7422,20.39010989010989,0.9702236593909997,638,641,1625420.0456880988,880311.0,14217663.833684288,0.21899736147757257,0.2532981530343008,0.1665046521316484,0.07818358561310929
1117,9528,26.175824175824175,9598,26.36813186813187,0.9927068139195666,618,631,1053442.4439546599,612339.5,13635746.852958184,0.23939966414777497,0.21683459277917716,0.22670025188916876,0.04429051217464316
200101,15100,41.48351648351648,16546,45.456043956043956,0.9126072766831863,754,751,1653117.1694039735,860619.0,27612624.66952769,0.20430463576158941,0.09264900662251656,0.4118543046357616,0.01933774834437086
300239,6184,16.98901098901099,5772,15.857142857142858,1.0713790713790714,517,530,1052677.0085705046,775399.5,5105668.894170751,0.24838292367399742,0.41235446313065977,0.1775549805950841,0.01633247089262613
300248,12497,34.23835616438356,12734,34.98351648351648,0.9813884089838228,648,720,1963244.7496999279,907841.0,50142919.23488082,0.31727614627510603,0.2638233175962231,0.1990877810674562,0.0168040329679123
1007,21175,58.013698630136986,22345,61.387362637362635,0.9476392929066906,768,773,1171080.7584887838,826021.0,7865188.940535959,0.24203069657615112,0.07315230224321133,0.32632821723730815,0.02715466351829988
1138,14110,38.76373626373626,15876,43.61538461538461,0.8887629125724363,720,754,1397529.9142452162,939413.5,11055950.302786462,0.2172218284904323,0.2076541459957477,0.2747696669029057,0.03933380581148122
300001,8909,24.542699724517906,8790,24.14835164835165,1.01353811149033,492,481,1068305.5321584914,715147.0,8120176.056361526,0.22527780895723426,0.36805477606914355,0.15815467504770456,0.013357279155909754
2692,22640,62.1978021978022,15827,43.72099447513812,1.43046692361155,727,672,1468673.1017226148,736513.0,31878849.88901534,0.10295936395759717,0.5115282685512368,0.0993374558303887,0.01333922261484099
992,7291,20.03021978021978,6739,18.616022099447513,1.081911262798635,561,534,1155457.003428885,697469.0,21621319.39513412,0.19380057605266768,0.3109312851460705,0.20902482512686874,0.016870113838979565
1010,11507,31.61263736263736,10612,29.073972602739726,1.0843384847342632,647,621,1222309.1593812462,650170.0,20084163.656005114,0.22638394021030678,0.218301903189363,0.22907795255062136,0.03145911184496394
300004,8184,22.483516483516482,8002,21.923287671232877,1.0227443139215195,502,549,1195230.042521994,846980.0,10935831.71528441,0.2619745845552297,0.3444525904203324,0.1823069403714565,0.01735092864125122
200238,12634,34.70879120879121,13678,37.47397260273973,0.9236730516157333,533,565,1354116.421323413,856337.5,11440716.39036589,0.27892987177457657,0.19977837581130284,0.24402406205477284,0.027465569099255977
200018,4589,12.641873278236915,4910,13.489010989010989,0.9346232179226069,296,323,1261792.5090433646,768018.0,3941310.266097329,0.3081281324907387,0.33166267160601437,0.1643059490084986,0.013074743952930921
200128,28249,77.3945205479452,36538,100.1041095890411,0.7731402922984291,794,799,1124042.0773832703,810036.0,6642010.606929012,0.12885411872986655,0.09002088569506886,0.4763354455024957,0.01200042479379801
1016,10381,28.676795580110497,9505,26.256906077348066,1.0921620199894793,586,561,1787566.5155572682,931684.0,41560429.23628911,0.2588382622098064,0.31596185338599364,0.19169636836528273,0.011848569501974762
200012,17521,48.0027397260274,17418,47.85164835164835,1.0059134228958548,534,558,1338079.1794988872,595781.0,46539860.89088856,0.2473603104845614,0.17858569716340392,0.2244734889561098,0.05285086467667371
200025444,7034,75.63440860215054,7108,76.43010752688173,0.9895891952729319,504,514,6310093.864230879,947781.5,294399938.8761397,0.3193062268979244,0.20088143303952233,0.21851009382996872,0.037105487631504126
300025,7125,19.574175824175825,7262,19.95054945054945,0.9811346736436244,615,592,1814739.416982456,845741.0,39830129.84822666,0.18652631578947368,0.10217543859649122,0.3625263157894737,0.024
200009,2394,6.705882352941177,2993,8.245179063360881,0.7998663548279319,223,279,12378999.301169591,826591.0,303517285.97366947,0.33500417710944025,0.24979114452798662,0.2502088554720134,0.02046783625730994
1046,5736,15.758241758241759,5729,15.739010989010989,1.001221853726654,600,594,2182862.4487447697,881086.0,43793130.12236257,0.25592747559274753,0.26220362622036264,0.20240585774058578,0.03277545327754533
200006,8592,23.604395604395606,8470,23.26923076923077,1.0144037780401416,368,402,1070465.794227188,722081.5,10553027.832363931,0.27537243947858475,0.29713687150837986,0.200768156424581,0.028864059590316574
200015,2647,7.352777777777778,1970,5.549295774647887,1.3436548223350253,364,327,1199090.305629014,807558.0,2305901.2520618266,0.2720060445787684,0.29051756705704573,0.17869285984132982,0.010578012844729883
300010,9501,26.391666666666666,9088,25.244444444444444,1.0454445422535212,548,557,1306810.5419429534,706668.0,25955177.064350348,0.24292179770550468,0.3467003473318598,0.17608672771287234,0.02841806125670982
1037,15835,43.502747252747255,15895,43.54794520547945,0.996225228059138,675,697,3647581.337417114,1435811.0,70615444.94451247,0.37455004736343545,0.04426902431323019,0.28405431007262394,0.019703189137985477
1043,15056,41.362637362637365,14806,40.675824175824175,1.0168850466027286,697,643,893709.3170164719,665313.5,2261517.172967973,0.09398246546227418,0.11782678002125399,0.4685175345377258,0.010626992561105207
200149,10987,30.101369863013698,10167,27.931318681318682,1.080653093341202,480,503,1013923.883589697,566323.0,9762992.213035401,0.2633111859470283,0.2203513242923455,0.19159006098115955,0.03777191225994357
200146,3567,9.79945054945055,3634,9.983516483516484,0.9815630159603742,324,373,1326863.6380712083,1197060.0,2144136.943934729,0.27950658816933,0.2335295766750771,0.15475189234650968,0.0641996075133165
1028,19554,53.57260273972603,20436,56.142857142857146,0.9568408690546095,791,783,2096072.0018410555,912699.0,96490833.1101941,0.21627288534315228,0.12754423647335583,0.2630663802802496,0.046946916231972995
200027,9216,25.318681318681318,8991,24.632876712328766,1.025025025025025,441,426,1126796.7261284722,728064.0,11342921.861671075,0.2581380208333333,0.3142361111111111,0.19618055555555555,0.026150173611111112
200143,3964,10.920110192837466,4079,11.206043956043956,0.9718068153959304,284,337,4334630.893541877,591384.0,128956968.17430349,0.35721493440968716,0.25025227043390513,0.19122098890010092,0.035317860746720484
1025,11950,32.82967032967033,11908,32.714285714285715,1.0035270406449446,674,667,1307963.8140585774,684402.0,16686543.680670867,0.21849372384937238,0.16527196652719664,0.2794979079497908,0.015899581589958158
300040,10835,29.930939226519335,10947,29.991780821917807,0.9897688864529095,560,533,1351613.9089063222,784152.0,18113607.274630584,0.2633133364097831,0.2999538532533456,0.19197046608214122,0.03433317951084448
200003,8319,22.791780821917808,7526,20.61917808219178,1.1053680574010099,473,443,1215966.4789037143,573079.0,23961348.909067884,0.23861040990503665,0.3203510037264094,0.15097968505830028,0.025243418680129824
300013,10083,27.70054945054945,9856,27.076923076923077,1.023031655844156,568,577,1047056.1102846375,831818.0,4600350.085934446,0.23713180601011605,0.37280571258554,0.15570762669840324,0.04145591589804622
300022,2784,7.648351648351649,2969,8.270194986072424,0.9376894577298753,335,342,2257474.112428161,746115.0,42211125.3580592,0.17852011494252873,0.10165229885057471,0.38685344827586204,0.008979885057471264
200158,7674,21.082417582417584,6659,18.293956043956044,1.152425289082445,475,473,994329.7332551472,662791.5,8693103.456358703,0.24941360437842064,0.33307271305707586,0.1765702371644514,0.02762574928329424
300031,24410,66.87671232876713,23679,64.87397260273973,1.03087123611639,741,742,1263745.2955755838,859315.5,15747638.822948419,0.2936501433838591,0.20032773453502664,0.21442031954117166,0.03506759524784924
1031,19038,52.3021978021978,18876,51.857142857142854,1.008582326764145,595,625,796341.62564345,553527.0,4583596.709707064,0.2492908919004097,0.2231852085303078,0.2733480407605841,0.009297195083517177
1150,17242,47.36813186813187,15599,42.854395604395606,1.1053272645682415,680,662,2602325.199628813,821499.5,92636214.17031509,0.2988632409233268,0.2214360283029811,0.19846885512121565,0.0367706762556548
1034,6826,19.282485875706215,6906,19.508474576271187,0.9884158702577469,669,647,1705977.017433343,1078307.0,16920579.83040361,0.1547026076765309,0.018165836507471434,0.5640199238206857,0.03808965719308526
300019,5935,16.304945054945055,5981,16.431318681318682,0.9923089784317004,457,469,1367657.1147430497,986691.0,3466614.66937257,0.288458298230834,0.2586352148272957,0.20623420387531594,0.02325189553496209
200137,11889,32.66208791208791,11234,30.86263736263736,1.0583051450952465,599,617,1079503.8317772732,859368.0,9393927.6435288,0.22726890402893432,0.40676255362099417,0.15409201783160906,0.04424257717217596
200134,8743,29.738095238095237,6928,23.405405405405407,1.2619803695150116,548,517,1040323.2494567082,675764.0,3654408.575442609,0.2710740020587899,0.27862289831865494,0.1989019787258378,0.02093103053871669
200024,6679,18.3489010989011,5959,16.37087912087912,1.1208256418862226,457,467,975133.3834406348,693465.0,4172826.2725282605,0.2750411738284174,0.28881569097170234,0.17817038478814193,0.025902081149872736
1162,16127,44.30494505494506,16330,44.862637362637365,0.9875688916105327,702,678,1023278.9758169529,734097.0,3403257.455197797,0.21256278291064673,0.2496434550753395,0.22167793141935885,0.022756867365288026
1177,11978,32.90659340659341,12063,33.14010989010989,0.9929536599519191,701,697,1755088.9553347805,978138.0,25250514.56667805,0.25972616463516446,0.05685423276006011,0.36800801469360495,0.02763399565870763
1159,13191,36.239010989010985,12663,34.78846153846154,1.0416962805022507,679,669,1175205.2501705708,724658.0,19179578.02443196,0.13622924721400956,0.12273519824122507,0.35531801986202716,0.02592676825108028
1040,16372,44.97802197802198,16246,44.63186813186813,1.007755755262834,721,686,940380.2130466651,682712.0,4883903.865700096,0.1555704861959443,0.20632787686293672,0.29739799657952604,0.032433422917175665
1174,15079,41.425824175824175,13807,37.827397260273976,1.0921271818642717,650,663,976340.7381789243,653209.0,9504537.443114819,0.27959413754227735,0.2515418794349758,0.18582134093772795,0.02400689700908548
300034,6381,17.67590027700831,6384,17.635359116022098,0.9995300751879699,499,504,1947103.981037455,913639.0,20872492.935812667,0.2706472339758659,0.26312490205296973,0.20388653816016297,0.03917881209841718
200155,8935,24.546703296703296,8941,24.563186813186814,0.9993289341236998,449,469,1937906.6671516509,1016653.0,30057607.89133268,0.35075545607162845,0.22249580302182428,0.1954113038612199,0.028091773922775603
1165,14821,40.605479452054794,14824,40.61369863013699,0.9997976254722072,662,671,1062570.2314283787,738966.0,4730995.132327562,0.2505229066864584,0.29471695567100736,0.20032386478645164,0.02145604210242224
1022,15280,41.863013698630134,15327,42.107142857142854,0.9969335160174855,689,652,1672093.1492146596,579717.5,53349600.60326859,0.23455497382198953,0.1119109947643979,0.3106675392670157,0.01407068062827225
200152,16434,45.14835164835165,15326,41.989041095890414,1.0722954456479186,552,554,935188.8540829987,601469.0,8409035.120294103,0.2187538030911525,0.370268954606304,0.18619934282584885,0.009188268224412802
200131,6376,17.516483516483518,5804,15.901369863013699,1.09855272226051,431,421,973946.4902760352,741253.5,4551496.616012542,0.2233375156838143,0.3599435382685069,0.15228983688833125,0.02336888331242158
300037,10878,29.802739726027397,11112,30.52747252747253,0.9789416846652268,563,630,1565572.1830299688,1130371.5,8546473.621376488,0.26438683581540723,0.2486670343813201,0.19838205552491267,0.03732303732303732
1147,10563,29.01923076923077,9512,26.06027397260274,1.1104920100925146,518,528,1463292.2838208843,787568.0,50840870.63832499,0.2810754520496071,0.35766354255419863,0.16576730095616776,0.031146454605699137
1019,8971,24.645604395604394,8144,22.373626373626372,1.1015471512770139,549,529,1353442.5096421803,566466.0,37111647.04021801,0.2393267194292721,0.24523464496711625,0.1839259837253372,0.02608404860104782
300028,7162,19.730027548209367,7003,19.292011019283745,1.0227045551906326,443,464,1240148.6235688354,686172.5,16782988.734819867,0.23568835520804243,0.31946383691706226,0.16559620217816254,0.017453225356045796
1156,9140,25.10989010989011,9032,24.881542699724516,1.0119574844995571,660,653,1616659.825164114,749806.5,23749234.679164834,0.17669584245076586,0.10590809628008753,0.29945295404814004,0.02811816192560175
1153,13763,39.77745664739884,16170,46.869565217391305,0.8511440940012368,749,770,1697477.0843566083,1119168.0,12272272.530659614,0.2670929303204243,0.06539271961055003,0.33713579888105794,0.04374046356172346
200021,8396,23.065934065934066,7997,21.96978021978022,1.049893710141303,487,504,841481.8743449262,701305.0,946268.0412093336,0.25524059075750355,0.3699380657455931,0.15626488804192473,0.018461171986660314
1171,17868,49.08791208791209,17970,49.36813186813187,0.9943238731218698,577,586,1148188.3577904634,734402.5,11104337.865448015,0.2427244235504813,0.18983657935974926,0.2152451309603761,0.04813073651220058
10627,11042,30.335164835164836,12444,34.18681318681319,0.8873352619736419,719,682,1777108.0084223873,1009812.0,36548566.41919668,0.21726136569462054,0.09898569099800761,0.37212461510595907,0.024452092012316608
300204,4534,16.60805860805861,4323,15.835164835164836,1.0488086976636595,485,525,1361215.399426555,960152.5,11034284.6207277,0.28385531539479486,0.36060873400970445,0.1497573886193207,0.04697838553153948
300067,4531,12.58611111111111,4590,12.679558011049723,0.9871459694989106,303,314,2280131.593467226,581828.0,65133271.58162969,0.2785257117634076,0.2070183182520415,0.20547340542926507,0.039064224233061134
22158,11204,30.78021978021978,11727,32.217032967032964,0.9554020636138825,662,692,1682273.8367547304,1091720.0,18666789.639863566,0.29596572652624065,0.03543377365226705,0.2858800428418422,0.0079435915744377
200045,7890,21.675824175824175,7154,19.653846153846153,1.1028795079675706,472,454,979902.6285171102,801368.0,1175621.4962364605,0.27300380228136883,0.3623574144486692,0.173510773130545,0.024714828897338403
1076,9185,25.233516483516482,8825,24.244505494505493,1.0407932011331444,553,536,947999.938486663,666897.0,10181856.815157961,0.21567773543821447,0.34741426238432227,0.18671747414262385,0.03342406096897115
200054,5997,16.475274725274726,6013,16.473972602739725,0.9973390986196574,219,263,2542331.076204769,473491.0,129793497.07252747,0.2689678172419543,0.33850258462564614,0.1645822911455728,0.04552276138069034
200179,7781,21.435261707988982,7601,20.88186813186813,1.0236810945928168,530,557,1187364.8551600052,862537.0,12742601.190038452,0.21603906952833826,0.38966713790001284,0.16900141370003854,0.039583601079552756
2636,9527,26.173076923076923,8935,24.546703296703296,1.0662562954672636,608,593,1416808.823764039,1017298.0,6479634.255178411,0.349008082292432,0.1981736118400336,0.20730555263986564,0.0158496903537315
1204,12049,33.192837465564736,13421,36.870879120879124,0.8977721481260711,645,587,1569154.3676653665,919373.0,28896900.812743388,0.13851771931280604,0.04108224748941821,0.47937588181591834,0.011204249315295876
1183,16925,46.497252747252745,14267,39.19505494505494,1.1863040583163944,597,578,1087812.394564254,610789.0,10293708.064399641,0.23745937961595273,0.26906942392909894,0.18540620384047268,0.03344165435745938
22167,2802,7.697802197802198,2866,7.873626373626373,0.9776692254012561,291,306,5593002.7487508925,1290733.5,153016731.59601676,0.23947180585296218,0.32762312633832974,0.19129193433261957,0.014989293361884369
2648,5866,16.249307479224377,6142,16.920110192837466,0.9550634972321719,591,615,1850823.611489942,772668.0,34916801.04007699,0.18837367882713946,0.2700306853051483,0.19621547903170816,0.05591544493692465
22173,5556,15.263736263736265,4932,13.54945054945055,1.1265206812652069,406,385,1050999.9505039598,798404.5,2174451.3025923627,0.26925845932325415,0.30651547876169905,0.16990640748740102,0.030777537796976243
22164,5280,14.505494505494505,5614,15.423076923076923,0.9405058781617385,589,589,1454792.3570075757,870615.5,12060394.9065643,0.23125,0.15303030303030302,0.24659090909090908,0.03787878787878788
200036,13650,37.397260273972606,13702,37.642857142857146,0.9962049335863378,644,638,1033681.3303296703,780882.0,4662401.600036979,0.20974358974358975,0.1221978021978022,0.2895970695970696,0.03824175824175824
200176,6871,18.876373626373628,6699,18.403846153846153,1.025675473951336,469,479,1176596.156018047,590616.0,15175514.501539059,0.24392373744724202,0.3278998690146995,0.21758113811672244,0.012807451608208412
300043,10201,28.024725274725274,9272,25.47252747252747,1.1001941328731666,484,505,1081482.234486815,849377.0,2189405.343273478,0.2131163611410646,0.44505440643074207,0.17390451916478777,0.013920203901578276
1061,4564,21.630331753554504,6352,30.104265402843602,0.7185138539042821,575,598,1333370.7099035934,813056.5,15683718.222281054,0.05368098159509203,0.01971954425942156,0.5322085889570553,0.008326029798422436
1192,7688,21.179063360881543,9081,25.016528925619834,0.8466027970487832,713,734,2255174.4674817896,1137031.5,31698970.555851232,0.26755983350676377,0.03707075962539022,0.32414151925078044,0.05567117585848075
1052,31065,85.57851239669421,38631,106.42148760330579,0.8041469286324454,802,799,1520184.9153066152,984173.0,12124697.46209166,0.2254305488491872,0.04300659906647352,0.40247867374859164,0.04954128440366973
22182,7161,19.727272727272727,7156,19.65934065934066,1.0006987143655675,555,524,1035892.6567518503,731647.0,10251966.952828407,0.20094958804636223,0.14830330959363217,0.2915793883535819,0.02024856863566541
200051,7268,19.967032967032967,6350,17.445054945054945,1.1445669291338583,508,472,943609.4262520638,637334.0,6394485.17375332,0.2201430930104568,0.27875619152449094,0.1968904788112273,0.01981287837094111
10621,2479,7.002824858757062,2537,7.146478873239436,0.9771383523847064,479,438,1778881.2190399354,1054410.0,7211759.777872946,0.24969745865268253,0.05889471561113352,0.32109721661960466,0.053247277127874144
1073,10330,28.37912087912088,10224,28.01095890410959,1.0103677621283256,587,593,1521852.5764762827,707489.5,29090849.63822218,0.24617618586640852,0.32207163601161665,0.18528557599225556,0.034075508228460796
1070,14725,40.4532967032967,14375,39.49175824175824,1.0243478260869565,620,637,1279143.8279796266,616752.0,24176094.73281234,0.25528013582342957,0.3262478777589134,0.17806451612903226,0.029269949066213923
300046,3923,10.777472527472527,3170,8.708791208791208,1.2375394321766562,373,415,1430675.7861330614,1084152.0,6689392.850394766,0.237573285750701,0.3540657659954117,0.14708131531990823,0.03798113688503696
1207,13542,40.06508875739645,14587,43.413690476190474,0.9283608692671557,756,758,1344375.4003839905,892992.0,18208096.815119088,0.23925564909171468,0.026805494018608773,0.31590607000443066,0.026805494018608773
200170,1869,5.294617563739377,2017,5.68169014084507,0.9266236985622212,240,300,1178590.9309791331,911326.0,2267188.055307954,0.2092027822364901,0.44034242910647403,0.13643659711075443,0.023542001070090957
200030,8663,23.79945054945055,8254,22.675824175824175,1.0495517324933366,432,449,1151587.6861364422,786738.0,5464612.74625752,0.3100542537227288,0.2930855361883874,0.20720304744314902,0.02262495671245527
1195,13021,35.77197802197802,11763,32.315934065934066,1.1069455070985292,654,634,1104100.1638891022,791456.0,8951729.480901064,0.25888948621457647,0.2797020198141464,0.1762537439520774,0.026342062821595884
300064,4369,12.069060773480663,4318,11.862637362637363,1.0118110236220472,408,405,1274567.5062943466,790563.0,7535080.21980628,0.28336003662165254,0.2178988326848249,0.2050812542915999,0.01441977569237812
2639,2844,7.9,2802,7.761772853185596,1.0149892933618843,410,392,872947.7035864979,653998.0,2229838.8682812676,0.22538677918424754,0.180028129395218,0.22081575246132207,0.01230661040787623
3425,12875,35.370879120879124,12876,35.37362637362637,0.9999223361292326,655,638,1068182.5467184465,638283.0,24440164.52521065,0.16411650485436893,0.19984466019417477,0.283495145631068,0.02112621359223301
200173,9954,27.346153846153847,9538,26.203296703296704,1.0436150136296918,484,510,1040957.0747438216,640682.0,15292192.099352736,0.23749246534056662,0.3736186457705445,0.1388386578259996,0.028330319469559977
300201,9175,25.136986301369863,8249,22.6,1.1122560310340648,632,582,1009905.0898092643,656940.0,3213437.907855938,0.21046321525885558,0.17122615803814714,0.2602724795640327,0.046103542234332426
1079,16269,44.69505494505494,14864,40.83516483516483,1.0945236813778256,714,685,1287300.7489704345,761611.0,13382411.152884083,0.12139652099084147,0.30893109594935153,0.19743069641649763,0.05070993914807302
300061,11399,31.315934065934066,11105,30.50824175824176,1.0264745610085546,568,573,1621467.302921309,682854.0,49807401.05203247,0.26932187033950344,0.364417931397491,0.1929116589174489,0.020177208527063777
300073,7681,21.159779614325068,7489,20.517808219178082,1.0256376018159967,554,558,1357941.0762921495,848875.0,14016108.200689206,0.2636375471943757,0.32092175497982034,0.17315453716963938,0.02486655383413618
22170,8919,24.435616438356163,8500,23.28767123287671,1.049294117647059,578,571,1024519.5718129835,699594.0,9582158.626807727,0.2687521022536159,0.25238255409799304,0.19150128938221775,0.054938894494898534
200033,10244,28.142857142857142,9607,26.392857142857142,1.0663058186738836,490,517,1049726.6254392816,666887.0,10486445.296990186,0.23106208512299883,0.21710269426005466,0.226962124170246,0.028211636079656384
22161,10110,27.774725274725274,9723,26.71153846153846,1.0398025300833076,614,590,839409.9947576657,616982.0,6811521.891730177,0.21038575667655787,0.25143422354104844,0.2444114737883284,0.023837784371909
2633,13967,38.370879120879124,12201,33.51923076923077,1.1447422342430948,640,647,1271872.171690413,818264.0,8483334.865964621,0.2578936063578435,0.2381327414620176,0.17906493878427723,0.03787499105033293
22176,8845,24.29945054945055,8006,21.994505494505493,1.1047964026979764,473,487,905434.8378745053,690092.0,5337032.824858767,0.25472018089315995,0.37964951950254383,0.14946297343131712,0.021368004522329
3422,5841,16.046703296703296,5401,14.837912087912088,1.0814663951120163,465,453,1152169.7993494265,823351.0,7733886.530961195,0.26159904126005823,0.3401814757746961,0.17051874678993323,0.019003595274781716
200191,1983,5.990936555891238,1897,5.836923076923077,1.0453347390616763,333,385,1411428.084720121,1079116.0,5728699.596121355,0.232476046394352,0.3151790216843167,0.18709026727181038,0.0226928895612708
1189,9968,27.384615384615383,9817,26.895890410958906,1.015381481104207,595,598,1178951.1492776887,724529.5,11588104.038581902,0.22491974317817015,0.31280096308186195,0.22752808988764045,0.029995987158908506
200161,6851,18.821428571428573,6780,18.677685950413224,1.01047197640118,460,473,1392648.053422858,763967.0,15105161.085352687,0.2869654065099985,0.1891694643117793,0.2393811122463874,0.05502846299810247
300049,7726,21.225274725274726,7070,19.36986301369863,1.0927864214992928,414,431,1058423.4615583743,601968.0,11727931.958096521,0.2720683406678747,0.2742687030805074,0.13590473725084132,0.03934765726119596
1201,11200,36.60130718954248,11461,37.57704918032787,0.9772271180525259,711,698,1466657.1233928571,789242.5,28198993.271983154,0.13642857142857143,0.09866071428571428,0.33473214285714287,0.012321428571428572
1058,10381,30.26530612244898,10075,29.373177842565596,1.0303722084367246,612,585,1546151.1792698198,731913.0,17396008.395769756,0.2521915037086986,0.22194393603699067,0.19911376553318563,0.04797225700799538
10624,21545,61.55714285714286,21381,60.914529914529915,1.007670361535943,723,738,1237013.2661406358,710724.0,16091851.58561323,0.2685077744256208,0.2499419818983523,0.20654444186586216,0.034485959619401256
1064,30635,84.16208791208791,30759,84.50274725274726,0.9959686595793101,743,735,1420781.467961482,600620.0,69448939.26191276,0.24158642076056797,0.10598988085523095,0.3527011588052881,0.026929982046678635
300070,13409,36.83791208791209,13387,36.676712328767124,1.0016433853738702,548,570,1276163.9557759713,818169.0,21237357.592690155,0.21992691475874412,0.2992020284883287,0.20232679543590126,0.018122156760384815
200182,6237,17.134615384615383,6184,16.98901098901099,1.0085705045278137,365,380,2132270.5784832453,589487.0,84850399.05323859,0.2677569344236011,0.32788199454866124,0.16177649510982844,0.015231681898348564
10630,8091,22.228021978021978,8171,22.447802197802197,0.990209276710317,607,590,914841.8450129774,740170.0,1020012.5096483681,0.1727845754542084,0.1931776047460141,0.3181312569521691,0.01853911753800519
1055,8785,24.134615384615383,8215,22.568681318681318,1.0693852708460134,581,574,2430984.5492316447,833422.0,108168789.17756708,0.25691519635742743,0.30552077404667044,0.18019351166761524,0.03062037564029596
1049,17385,47.760989010989015,16478,45.26923076923077,1.055043087753368,639,621,1008681.5085418464,572958.0,17056228.235845096,0.2167385677308024,0.24820247339660628,0.23278688524590163,0.02645959160195571
200048,15764,43.30769230769231,16436,45.15384615384615,0.959114139693356,685,680,1098501.7369322507,779901.0,9841881.620787852,0.13537173306267444,0.20781527531083482,0.2761989342806394,0.015034255265161127
3431,5616,15.386301369863014,7679,21.096153846153847,0.7313452272431307,631,663,1337326.459045584,910690.0,10560626.656818915,0.14298433048433049,0.02047720797720798,0.5167378917378918,0.033831908831908834
200042,10566,28.947945205479453,10297,28.28846153846154,1.0261241138195591,472,473,1156203.1186825668,580823.0,17613553.259389695,0.2837402990724967,0.1935453340904789,0.1797274275979557,0.04590194964982018
200039,8838,24.28021978021978,8451,23.153424657534245,1.0457933972310969,571,597,1652631.4581353248,711336.5,56095838.294737965,0.2200724145734329,0.2565059968318624,0.18578863996379272,0.0776193708983933
1067,28981,79.4,40483,111.21703296703296,0.7158807400637305,777,775,1350649.8358234705,974232.0,13001285.114766125,0.14892515786204755,0.05883164832131396,0.46875539146337253,0.014837307201269797
3434,5783,15.887362637362637,5657,15.541208791208792,1.0222732897295386,468,500,1017086.3695313851,624674.0,12843854.500288412,0.25678713470517034,0.3347743385785924,0.14352412242780563,0.04668856994639461
200060,16819,46.206043956043956,16755,46.03021978021978,1.0038197552969264,638,625,1000592.5074617992,589758.0,9130452.025800167,0.22427017064034724,0.20387656816695404,0.24525833878351863,0.03436589571318152
200188,5765,15.837912087912088,6150,16.895604395604394,0.9373983739837398,464,511,2298617.347441457,981245.0,36672303.640878975,0.2834345186470078,0.29106678230702515,0.17710320901994797,0.027580225498699047
300055,4569,12.552197802197803,4230,11.62087912087912,1.0801418439716313,382,404,1136248.0181659006,767016.0,8147719.073300996,0.2431604289778945,0.33946158896913986,0.18669293061939154,0.0623768877216021
1180,9217,25.321428571428573,9262,25.445054945054945,0.9951414381343122,619,613,1296754.870673755,801876.0,13245780.081211815,0.27405880438320496,0.14527503526093088,0.24281219485732886,0.025279375067809483
3428,6834,18.774725274725274,6841,18.793956043956044,0.9989767577839497,516,528,1221239.9865378987,655029.5,16757867.90156752,0.2376353526485221,0.16578870354111794,0.226660813579163,0.0324846356453029
22179,30777,84.5521978021978,39072,107.34065934065934,0.7876996314496314,737,753,1214955.5915456347,872475.0,7758304.062527872,0.23585794586866815,0.08720797998505378,0.26136400558858885,0.007245670468206778
1219444,250,20.833333333333332,242,20.166666666666668,1.0330578512396693,118,136,883756.196,633610.5,1829311.2898470962,0.272,0.26,0.164,0.096
300058,10504,28.857142857142858,10424,28.63736263736264,1.0076745970836531,594,584,1981679.5681645088,676315.5,110859174.82243498,0.27837014470677834,0.19183168316831684,0.23276846915460778,0.03189261233815689
200167,11069,30.40934065934066,10019,27.524725274725274,1.1048008783311707,445,489,1443585.18086548,732926.0,39352648.1354784,0.28195862318185927,0.31294606558858074,0.18628602403107777,0.0211401210588129
3440,6016,16.52747252747253,6083,16.71153846153846,0.9889856978464573,579,573,1702662.7923869682,808000.5,38609810.0472328,0.2872340425531915,0.10422207446808511,0.29637632978723405,0.011469414893617021
200185,11926,32.94475138121547,12975,35.743801652892564,0.9191522157996146,576,600,1153869.6635921516,740173.5,7881460.245021542,0.29196713063894014,0.1923528425289284,0.2316786852255576,0.034714070098943485
1210,6585,18.09065934065934,5885,16.123287671232877,1.118946474086661,505,502,1466119.1851176918,796579.0,12739507.434688402,0.27577828397873955,0.23690205011389523,0.16993166287015946,0.045406226271829914
1186,13582,37.31318681318681,14500,39.83516483516483,0.9366896551724138,708,727,1300585.9922691798,794031.0,13170802.833159542,0.17272861139743778,0.33213076130172287,0.2178618760123693,0.017670446178766015
300052,13477,36.92328767123288,13299,36.535714285714285,1.0133844649973682,521,526,1811702.5458188024,617795.0,78649598.50155845,0.20397714624916524,0.23766416858351266,0.25487868219930254,0.020256733694442385
200057,3345,9.18956043956044,3124,8.606060606060606,1.070742637644046,370,382,1411481.6792227204,752340.0,13617795.821286108,0.27144992526158446,0.3757847533632287,0.15306427503736922,0.049626307922272045
3437,7992,21.956043956043956,9536,26.197802197802197,0.8380872483221476,665,661,1530206.7995495496,966073.0,12743400.15415524,0.21433933933933935,0.03903903903903904,0.44094094094094094,0.03490990990990991
200209,7926,21.834710743801654,8169,22.442307692307693,0.9702533969886155,482,514,1377966.2896795357,814373.5,15350512.800487507,0.22318950290184203,0.35818824123139037,0.1627554882664648,0.031667928337118345
3452,17899,49.17307692307692,18832,51.59452054794521,0.9504566694987255,795,779,1969806.1945360077,1129780.0,25903811.660428174,0.3030895580758702,0.035029889937985365,0.33878987652941506,0.05184647186993687
300234,14322,39.34615384615385,14811,40.68956043956044,0.9669839983795827,472,514,3471286.751152074,859757.0,102839435.82317762,0.31126937578550484,0.11227482195224131,0.2561094819159335,0.045524368105013265
1082,9388,25.791208791208792,9487,26.063186813186814,0.9895646674396542,613,640,1293631.9404559012,645663.5,25863106.021281816,0.2105879846612697,0.23806987643800598,0.2586280357903707,0.048146570089475926
200221,7506,20.677685950413224,7217,19.826923076923077,1.04004433975336,446,484,1762685.420996536,700370.5,62253371.74517603,0.23367972288835598,0.32214228617106316,0.19131361577404743,0.022115640820676793
3458,10975,30.401662049861496,11261,31.107734806629836,0.9746026107805701,735,746,2394205.794715262,1207376.0,53180346.156103365,0.22441913439635536,0.030159453302961277,0.36273348519362186,0.02041002277904328
3446,10297,28.28846153846154,9291,25.524725274725274,1.1082768270369174,640,590,1715413.2090900263,880986.0,23171310.306826144,0.2740604059434787,0.12741575216082354,0.2422064679032728,0.026512576478585997
300216,18575,51.03021978021978,18582,51.04945054945055,0.9996232913572274,653,677,1322889.142395693,639703.0,28890482.678706326,0.23994616419919246,0.2264872139973082,0.21932705248990578,0.02449528936742934
300082,13755,37.78846153846154,13847,37.93698630136986,0.9933559615801256,547,589,1557312.783133406,802032.0,17334792.860325463,0.2733551435841512,0.1757179207560887,0.23809523809523808,0.013449654671028717
200224,1621,4.631428571428572,1720,4.817927170868347,0.9424418604651162,258,253,3006145.382479951,753478.0,39790687.83575544,0.21653300431832204,0.26958667489204197,0.12276372609500308,0.04256631708821715
1097,10549,28.98076923076923,11821,32.56473829201102,0.8923948904492006,756,745,1805017.5551237084,1120474.0,18626864.890130036,0.22656175940847473,0.1366954213669542,0.32078870035074414,0.05118968622618258
200090,7218,19.82967032967033,6829,18.76098901098901,1.056962952115976,490,453,1205296.2842892767,674417.0,15260907.613965329,0.21806594624549736,0.2709891936824605,0.242310889443059,0.04100858963701857
200206,21352,58.82093663911846,21627,59.41483516483517,0.9872844130022657,763,774,2499469.776133383,970910.5,108217337.27597149,0.20906706631697264,0.19431434994379918,0.29856687898089174,0.031566129636568005
300076,5881,16.201101928374655,5643,15.545454545454545,1.0421761474393054,512,522,1060449.783030097,750798.0,3575253.5798486797,0.2548886243836082,0.2501275293317463,0.2261520149634416,0.03298758714504336
300228,11946,32.81868131868132,12664,34.79120879120879,0.9433038534428301,581,600,4571536.641972208,1122217.5,134275609.90186474,0.26427255985267034,0.12355600200904068,0.35133098945253644,0.016490875606897708
300091,9328,25.556164383561644,9254,25.423076923076923,1.0079965420358763,565,568,1417069.349271012,731568.5,22583043.338629372,0.2591123499142367,0.2205188679245283,0.22084048027444253,0.03698542024013722
200069,10556,29.0,9939,27.304945054945055,1.062078679947681,540,542,1313231.8233232284,663881.5,13546641.459285757,0.27008336491095114,0.2881773399014778,0.18226600985221675,0.019988632057597575
978,14412,39.59340659340659,14676,40.31868131868132,0.982011447260834,709,711,1328967.9016097696,690964.5,24320612.020073377,0.2458368026644463,0.12482653344435193,0.279766860949209,0.02935054121565362
1085,12013,50.902542372881356,12066,51.1271186440678,0.9956074921266368,677,671,2033241.1111296096,853579.0,43308457.22392658,0.23899109298260218,0.14101390160659286,0.3031715641388496,0.019811870473653542
2660,13976,38.50137741046832,14153,38.988980716253444,0.9874938175651805,776,771,1775715.0364911277,1056092.0,16022564.716356374,0.30645392100744134,0.028405838580423583,0.24685174585002861,0.06990555237550086
1112,8646,23.752747252747252,8079,22.195054945054945,1.0701819532120311,628,590,1434567.0405968078,799631.5,16205844.339715315,0.22507517927365256,0.2652093453620171,0.1873698820263706,0.05181586860976174
200081,14384,39.51648351648352,14262,39.18131868131868,1.0085541999719534,500,549,1660744.4739293659,613411.0,55363570.82145793,0.2435344827586207,0.20668798665183538,0.18318965517241378,0.0389321468298109
2666,15103,41.37808219178082,18438,50.515068493150686,0.8191235491918863,711,715,1419385.8818777727,816615.0,36550385.5686743,0.15791564589816592,0.13778719459709993,0.3753558895583659,0.008210289346487452
3464,14461,39.72802197802198,14608,40.02191780821918,0.9899370208105148,706,676,2750223.6048682663,1160013.0,43936173.42838174,0.2831754373833068,0.08125302537860453,0.3256344651130627,0.014106908235944956
200093,6722,18.517906336088153,5581,15.332417582417582,1.2044436480917398,440,414,935286.3338292175,649893.0,8323251.12891868,0.22731329961321037,0.43037786373103243,0.14683130020827134,0.022017256768818803
200218,4833,13.387811634349031,4727,13.022038567493112,1.0224243706367675,391,386,1094476.978067453,750495.0,3204875.269849847,0.20711773225739707,0.340368301262156,0.17359817918477136,0.004965859714463066
981,15529,42.54520547945206,15604,42.86813186813187,0.9951935401179185,726,721,1529044.3585549616,868549.0,15561423.997792982,0.21463069096529075,0.10374138708223324,0.24167686264408525,0.027818919441045784
200197,13584,37.31868131868132,13571,37.282967032967036,1.0009579249871048,453,429,968860.6311101295,357040.5,17832666.369129866,0.2228356890459364,0.11940518256772674,0.3213339222614841,0.03783863368669022
1213,16318,44.95316804407714,16160,44.395604395604394,1.0097772277227723,628,621,1169305.2733178085,860778.5,11152990.481274081,0.24672141193773747,0.31768599093026106,0.21099399436205418,0.018200759897046205
300231,19260,52.76712328767123,19307,53.04120879120879,0.9975656497643342,731,737,3428075.825233645,802022.5,138435270.57251483,0.1995846313603323,0.13629283489096572,0.2783489096573209,0.029698857736240914
1091,8613,23.662087912087912,6245,17.156593406593405,1.3791833466773418,580,514,2272269.230465575,835545.0,93927610.03906608,0.24323696737489842,0.1998142342969929,0.18425635667014978,0.017531638221293392
975,11196,32.54651162790697,10836,31.591836734693878,1.0332225913621262,693,657,908630.0410861021,685519.5,2070983.867617982,0.16157556270096463,0.1659521257591997,0.330832440157199,0.020721686316541622
200203,7142,19.7292817679558,6520,17.961432506887054,1.095398773006135,661,570,1016158.1241949034,761760.0,3550436.3812958966,0.1164939792775133,0.042285074208905066,0.5420050406048725,0.0156818818258191
1219,9396,26.61756373937677,9488,26.878186968838527,0.9903035413153457,637,658,1490232.8701575138,668418.0,20406800.494685158,0.24084716900808856,0.19146445295870584,0.2498935717326522,0.036185610898254575
300100,4526,12.434065934065934,4529,12.545706371191136,0.9993376021196733,487,518,1357133.4796730005,965440.5,5583747.067686869,0.25673884224480775,0.38378258948298716,0.14958020326999558,0.02342023862129916
1222,7583,20.889807162534435,7072,19.428571428571427,1.0722567873303168,518,520,975189.6183568508,619052.0,13247307.41014983,0.15969932744296453,0.28761703811156536,0.23605433205855203,0.022814189634709218
1088,16678,46.199445983379505,16047,44.45152354570637,1.0393219916495295,628,615,3699786.889435184,1347445.0,88214137.36474907,0.4020865811248351,0.0561218371507375,0.2368989087420554,0.0034176759803333733
1103,13103,35.8986301369863,11013,30.172602739726027,1.1897757196041043,671,667,1685741.4585209494,850650.0,30655475.08205951,0.23376326032206365,0.330306036785469,0.16767152560482332,0.02007173929634435
960,36539,100.38186813186813,44106,121.17032967032966,0.8284360404480116,781,794,1464533.5574865213,793996.0,18156117.97172944,0.25129313883795396,0.09337967651003037,0.26771394947863925,0.04080571444210296
2681,10710,29.34246575342466,11106,30.51098901098901,0.9643435980551054,684,643,1712827.8369747899,1024078.5,18240676.198110647,0.28814192343604106,0.07086834733893557,0.3445378151260504,0.036227824463118584
2669,9247,25.403846153846153,9352,25.692307692307693,0.9887724550898204,721,680,1053696.267978804,723210.0,6502839.431756657,0.20893262679788038,0.07321293392451605,0.32670055153022604,0.026386936303666054
1094,18144,49.70958904109589,19311,53.0521978021978,0.9395681217958677,662,658,1195461.5988756614,680797.0,8058326.542882682,0.2568342151675485,0.15112433862433863,0.2449294532627866,0.026840828924162258
200084,11018,30.26923076923077,9923,27.26098901098901,1.1103496926332763,584,615,1069081.1032855327,812108.5,6894098.987667476,0.2262661100018152,0.37402432383372664,0.18070430205118895,0.029769468143038665
3461,11356,31.112328767123287,11516,31.63736263736264,0.9861062869051754,622,615,1183851.8119056006,838774.5,8428777.081053704,0.24242691088411414,0.16519901373723142,0.2321239873194787,0.056093694963015146
200078,3920,10.76923076923077,3926,10.785714285714286,0.9984717269485481,304,311,1230815.2214285715,744233.5,3873078.663820109,0.30714285714285716,0.33137755102040817,0.23673469387755103,0.00816326530612245
1106,13297,36.53021978021978,12140,33.35164835164835,1.0953047775947282,654,644,961909.1065653907,687295.0,6964168.276223781,0.24027976235241033,0.30871625178611717,0.18004061066405957,0.02887869444235542
200215,10957,30.10164835164835,10681,29.343406593406595,1.0258402771276098,475,505,1102833.0876152231,587013.0,12462345.371293273,0.2569133887012868,0.2478780688144565,0.2002372912293511,0.02555444008396459
963,12138,33.34615384615385,14102,38.635616438356166,0.86072897461353,688,715,1185951.5545394628,703309.5,14026264.034445558,0.19311253913330037,0.12695666501894876,0.36439281594990935,0.016724336793540944
300097,7489,20.574175824175825,7079,19.447802197802197,1.0579177849978811,466,479,1400145.3554546668,798755.0,12026480.655641906,0.24342368807584458,0.3543864334357057,0.16530912004272932,0.01976231806649753
3449,9646,26.646408839779006,10249,28.156593406593405,0.9411649917065079,695,687,1000601.6832884097,733150.5,3846851.6874134094,0.07899647522289031,0.04540742276591333,0.5737093095583662,0.008500933029234915
300222,8890,24.423076923076923,11197,31.01662049861496,0.7939626685719389,662,636,1040631.3903262092,746685.0,5200102.256101176,0.09246344206974129,0.11293588301462318,0.5501687289088864,0.00922384701912261
200212,21515,59.107142857142854,22998,63.18131868131868,0.9355161318375511,757,744,1200971.7234022776,724944.0,15300178.021642916,0.13144317917731815,0.1821984661863816,0.39089007669068093,0.029839646758075763
1231,16134,44.692520775623265,16324,44.96969696969697,0.9883606959078657,675,687,2386677.9770050826,1297637.0,29874688.75710143,0.32899466964175034,0.0837981901574315,0.27445146894756417,0.004214701871823478
2687,10525,28.914835164835164,10403,28.57967032967033,1.011727386330866,588,587,1306819.7504988124,753341.0,15523284.951753758,0.30470308788598577,0.16503562945368172,0.23600950118764846,0.043420427553444184
200066,13686,37.49589041095891,14193,38.99175824175824,0.9642781652927499,479,493,1720529.9582785328,634240.5,18780649.91781362,0.2370305421598714,0.04500949875785474,0.44556481075551657,0.010960105217010083
200194,6364,17.483516483516482,6107,16.77747252747253,1.0420828557393156,463,487,1133543.8367379007,853833.5,8195255.9367131,0.2559710873664362,0.3808925204274041,0.14252042740414833,0.05106851037083595
300237,14015,38.502747252747255,14570,40.027472527472526,0.9619080301990391,715,710,1319703.849375669,839107.0,16193725.415613325,0.271566179093828,0.12286835533357117,0.26806992508027117,0.01976453799500535
1109,19391,53.27197802197802,19182,52.6978021978022,1.0108956313210302,708,768,2715542.4957970195,1399781.0,25632072.4533716,0.3438708679284204,0.05157031612603785,0.243876024960033,0.019390438863390234
200200,8276,22.736263736263737,8157,22.47107438016529,1.014588696824813,572,590,893283.2822619623,672728.5,6837882.423318146,0.2112131464475592,0.2429917834702755,0.2976075398743354,0.015224746254229097
972,17479,48.01923076923077,17559,48.239010989010985,0.9954439318867817,702,682,1225887.0925682248,663177.0,15169211.046906546,0.13650666514102638,0.18118885519766578,0.2974426454602666,0.04411007494707935
1100,18684,51.75623268698061,19176,52.82644628099174,0.9743429286608261,765,775,1086470.0585527725,888297.5,3230828.464595067,0.16120745022479127,0.05073859987154785,0.38985228002569045,0.012791693427531578
1228,13796,37.797260273972604,13910,38.214285714285715,0.991804457225018,760,775,1526507.8638011017,868124.5,30518177.940737836,0.2360104378080603,0.09002609452015077,0.3569875326181502,0.015946651203247317
300219,3227,9.064606741573034,3322,9.384180790960452,0.9714027694160144,273,291,2437473.116826774,1178311.0,29958202.386065014,0.36163619460799507,0.07065385807251318,0.3114347691354199,0.0077471335605825845
300210,12046,33.09340659340659,11861,32.58516483516483,1.0155973358064243,564,589,1165333.3626930101,814897.5,6977901.208152704,0.22405777851568986,0.3007637390004981,0.1883612817532791,0.026398804582434002
200063,2644,7.32409972299169,2414,6.705555555555556,1.0952775476387737,370,375,1334572.3695158851,1154643.0,1507183.5574443317,0.26021180030257185,0.3642208774583964,0.15015128593040847,0.024205748865355523
3455,8181,22.537190082644628,8436,23.239669421487605,0.9697724039829303,706,692,1285634.2401906857,950770.0,8873148.223948285,0.14998166483314998,0.0517051705170517,0.40019557511306686,0.021879965774355213
300225,9912,27.23076923076923,9763,26.747945205479454,1.0152617023455905,559,599,1313183.8509887005,874722.0,14584558.694568519,0.23315173527037933,0.4487489911218725,0.15244148506860372,0.015536723163841809
300213,12008,32.989010989010985,12018,32.92602739726028,0.999167914794475,410,455,1120342.6439040639,603090.0,7016823.920378743,0.30246502331778813,0.27631578947368424,0.19853431045969352,0.03497668221185876
300079,28413,78.0576923076923,25321,69.56318681318682,1.1221120808814817,764,749,1459407.4434237848,942366.0,12959787.538573017,0.225002639636786,0.268363073241122,0.2240875655509802,0.035054376517791155
969,10988,30.186813186813186,11018,30.352617079889807,0.9972771827917952,681,678,1073823.8514743356,756550.0,6184297.723663335,0.13742264288314526,0.13978886057517292,0.3224426647251547,0.01892974153622133
3467,14240,39.33701657458563,13216,36.50828729281768,1.0774818401937045,620,646,1292009.758005618,730170.0,32303552.936515443,0.22668539325842696,0.27542134831460674,0.21032303370786518,0.023946629213483145
2678,5427,14.950413223140496,6175,17.011019283746556,0.8788663967611337,589,589,1112543.5417357655,981219.0,1644456.043575999,0.15091210613598674,0.05675327068361894,0.46987285793255945,0.028560899207665375
3473,6091,16.733516483516482,6084,16.714285714285715,1.0011505588428666,586,568,1581622.0109998358,951968.0,17721172.907174736,0.17419142997865703,0.13396814972910853,0.2556230504022328,0.026760794615005745
3470,8324,22.86813186813187,7365,20.233516483516482,1.1302104548540395,559,532,1259167.7292167228,665598.0,20317410.563680578,0.21900528592023066,0.2879625180201826,0.17527630946660258,0.02126381547333013
200072,10838,29.774725274725274,15551,42.722527472527474,0.696932673139991,636,683,995461.9084701975,798105.0,2303838.3849603254,0.10601587008673187,0.12105554530356154,0.3805130097804023,0.02297471858276435
300088,3944,10.835164835164836,4081,11.211538461538462,0.9664297966184758,341,367,1298112.147565923,767693.5,11023598.134009924,0.30070993914807304,0.18990872210953347,0.19700811359026368,0.02535496957403651
1225,11664,32.043956043956044,13235,36.35989010989011,0.8812995844352097,682,675,1194041.8325617283,832876.5,10505953.718425415,0.1882716049382716,0.11848422496570644,0.39386145404663925,0.012002743484224965
300085,3146,8.69060773480663,3378,9.305785123966942,0.931320307874482,342,374,1304378.6341385888,772784.0,9730613.031837193,0.29879211697393515,0.1624284806102988,0.27844882390336934,0.007946598855689765
300207,13015,35.755494505494504,12521,34.39835164835165,1.039453717754173,661,700,1687786.3851709566,1014560.0,24067230.60726914,0.27791010372646946,0.33246254321936225,0.17948520937379947,0.05501344602381867
966,11304,31.054945054945055,10915,29.986263736263737,1.0356390288593678,603,632,1392642.5575017694,744913.5,21472010.98793023,0.24575371549893843,0.2929051663128096,0.19860226468506723,0.030077848549186128
1216,9395,25.810439560439562,8859,24.27123287671233,1.060503442826504,586,587,1201535.8481106972,626390.0,19028240.061742835,0.21458222458754656,0.24619478445981904,0.2230973922299095,0.04108568387440128
300094,5224,14.430939226519337,5054,13.922865013774105,1.033636723387416,423,498,1223677.8732771822,889750.5,7503336.282135259,0.24636294027565084,0.3520290964777948,0.17075038284839203,0.034647779479326186
3488,10866,29.85164835164835,11941,32.80494505494506,0.9099740390252072,754,716,1314192.929688938,1035884.5,7102276.127730374,0.19768083931529543,0.03810049696300387,0.44487391864531567,0.041597644027240935
2699,8880,24.873949579831933,8542,23.727777777777778,1.0395691875439008,641,599,882005.4490990991,696798.5,2870581.223041624,0.04831081081081081,0.17747747747747747,0.3886261261261261,0.01036036036036036
1127,3873,12.373801916932907,3435,10.80188679245283,1.1275109170305677,501,557,1029494.645236251,787981.0,4164111.2801534627,0.24064033049315775,0.2956364575264653,0.16989413891040536,0.024528789052414148
990,7565,20.782967032967033,6861,18.8489010989011,1.1026089491327795,497,520,913851.0935888962,650023.0,7356439.878553972,0.21427627230667548,0.38559153998678125,0.1439524124256444,0.01612690019828156
2696,46257,126.73150684931507,44261,121.26301369863013,1.0450961342942997,788,783,1251106.1375791773,732365.0,34517392.20828936,0.11444754307456169,0.5264284324534665,0.11524742201180362,0.015694921849665998
200108,5454,14.983516483516484,4723,12.975274725274724,1.1547745077281388,533,491,1165301.3844884487,796773.0,3208098.352315178,0.21287128712871287,0.27044371103777043,0.21323799046571323,0.02035203520352035
1130,9977,27.40934065934066,8632,23.714285714285715,1.1558155699721966,539,534,1241199.3045003507,936283.0,4048852.9795032716,0.26250375864488323,0.3335672045705122,0.15936654304901274,0.017640573318632856
3506,5851,16.074175824175825,5830,16.016483516483518,1.0036020583190395,594,557,1179957.3009741923,915374.0,2374390.102677933,0.14783797641428817,0.03264399247991796,0.4387284224918817,0.04101862929413776
300252,14606,40.12637362637363,15022,41.26923076923077,0.9723072826521102,602,631,2752873.1686977954,1158655.5,97357482.73604436,0.2963165822264823,0.34711762289470083,0.18074763795700396,0.01834862385321101
993,7053,19.376373626373628,6232,17.12087912087912,1.1317394094993583,533,440,1266207.7534382532,685743.0,14009643.022395652,0.1443357436551822,0.47851977881752444,0.14929817099106762,0.045654331490146034
200233,1655,4.811046511627907,2063,6.014577259475218,0.8022297624818225,251,264,9979914.505135952,1294853.0,176878030.75295416,0.3740181268882175,0.07129909365558912,0.29607250755287007,0.06646525679758308
200230,13806,50.944649446494466,13439,49.59040590405904,1.0273085795074037,434,407,701042.1992611908,369951.5,2753408.744212526,0.27249022164276404,0.12067217151962914,0.29139504563233376,0.04903665073156598
200227,8185,22.486263736263737,8495,23.337912087912088,0.9635079458505003,507,559,1649344.2359193647,922419.0,17697853.267921556,0.2505803298717166,0.24557116676847893,0.21111789859499083,0.02504581551618815
1115,3744,10.314049586776859,3127,8.614325068870523,1.1973137192196994,382,343,1473912.4871794872,745748.0,14052869.043086516,0.32585470085470086,0.19497863247863248,0.22702991452991453,0.005341880341880342
300005,20766,56.893150684931506,20685,56.82692307692308,1.0039158810732416,673,678,1206147.2737166523,744229.0,12003537.979409494,0.24809785225849948,0.2506019454878166,0.2610035635172879,0.012472310507560435
1124,8668,24.144846796657383,8690,24.206128133704734,0.9974683544303797,584,561,930339.5680664513,761875.0,2069947.8184439847,0.198084910013844,0.1534379326257499,0.3096446700507614,0.0159206275957545
1011,38519,105.82142857142857,36094,99.15934065934066,1.0671856818307752,807,782,1250925.5900724318,835009.0,12456152.47828354,0.16999402892079232,0.405176666060905,0.15722111165918118,0.02507853267218775
1136,5056,13.928374655647383,4891,13.473829201101928,1.0337354324269066,484,509,1892546.5650712026,1169066.0,10546167.583433444,0.3540348101265823,0.14339398734177214,0.2118275316455696,0.014042721518987342
200254,1711,4.833333333333333,1671,4.654596100278551,1.02393776181927,188,220,1317730.1227352426,853999.0,3191663.4193807323,0.293395675043834,0.32320280537697255,0.15838690824079485,0.009351256575102279
1133,24429,67.11263736263736,24436,67.13186813186813,0.9997135374038304,756,719,1094838.0505137336,624415.0,26284294.417454164,0.2158090793728765,0.2336567194727578,0.23586720700806418,0.03532686561054484
3485,8286,22.763736263736263,8831,24.26098901098901,0.9382855848714755,594,621,1014663.0852039584,856137.0,1331143.872554412,0.2516292541636495,0.25343953656770457,0.2433019551049964,0.013396089790007242
1142,31120,85.49450549450549,31553,86.44657534246575,0.986277057649035,746,757,2217524.8739074552,808312.5,88386553.93933849,0.22043701799485863,0.18097686375321337,0.2754177377892031,0.02943444730077121
999,26050,71.56593406593407,34731,95.15342465753425,0.7500503872621002,785,785,1349271.4224952015,786911.5,20614230.698036246,0.10165067178502879,0.12030710172744721,0.5546641074856046,0.008061420345489444
300249,26903,74.1129476584022,27263,75.10468319559229,0.9867952903202142,792,789,2194938.337322975,1193585.0,21951582.104678728,0.30706612645429876,0.05787458647734453,0.32472214994610266,0.03345351819499684
200105,17182,47.2032967032967,15908,43.7032967032967,1.0800854915765652,657,659,1262113.5551740194,887839.5,7385461.479450703,0.23675939937143523,0.3236526597602142,0.17762774997089978,0.017343731812361773
1145,16531,45.41483516483517,16794,46.137362637362635,0.9843396451113493,773,760,1369995.7457504084,836537.0,13989233.824127823,0.24057830742241848,0.07331679874175791,0.349585627003811,0.02613272034359688
1118,12080,33.18681318681319,12131,33.23561643835617,0.9957958948149369,635,661,961849.3480960265,758776.0,2295246.8303771573,0.24246688741721853,0.3345198675496689,0.1880794701986755,0.0402317880794702
1121,10725,29.464285714285715,10342,28.412087912087912,1.037033455811255,557,535,1334916.84988345,654995.0,18897513.721990414,0.2552913752913753,0.25342657342657343,0.20783216783216782,0.017715617715617717
200096,19271,52.94230769230769,19785,54.50413223140496,0.974020722769775,756,764,2281249.765865809,1083287.0,35393066.654797286,0.23683254631311296,0.06927507653987858,0.3654714337605729,0.02158684033002958
300002,6007,16.457534246575342,6048,16.615384615384617,0.9932208994708994,478,480,2286436.671383386,830525.0,56665456.55006233,0.22140835691693025,0.2944897619443982,0.2074246712169136,0.0484434826036291
200242,4877,13.398351648351648,4588,12.639118457300276,1.0629904097646032,349,362,2165834.9850317817,633138.0,38515372.984957986,0.24502768095140456,0.22698380151732622,0.19807258560590527,0.04551978675415214
2693,7414,20.36813186813187,6993,19.21153846153846,1.06020306020306,557,541,956446.1311033181,736441.5,3110946.678914817,0.24736984084165092,0.29134070677097385,0.18545994065281898,0.023469112489884
300240,10775,29.60164835164835,14507,39.854395604395606,0.7427448817812091,713,699,1185451.9830162413,855253.0,10443638.09260857,0.15526682134570766,0.032946635730858466,0.4824129930394432,0.02134570765661253
3500,11724,32.20879120879121,11710,32.17032967032967,1.001195559350982,651,615,1159622.7679972704,791145.0,15560248.183987526,0.18884339815762538,0.17468440805185945,0.29358580689184577,0.059450699419993175
300032444,1218,26.47826086956522,1184,25.73913043478261,1.0287162162162162,365,350,1539100.8637110016,1164393.0,1748598.0262892363,0.23563218390804597,0.0180623973727422,0.3620689655172414,0.034482758620689655
3479,12007,32.98626373626374,10775,29.52054794520548,1.1143387470997679,575,570,2558226.478054468,676662.0,150192756.71639147,0.2680103273090697,0.25243607895394354,0.20746231365037063,0.0447239110518864
200239,10588,29.087912087912088,10493,28.826923076923077,1.0090536548174973,541,539,1111698.6358141291,675426.0,14699181.225467587,0.2507555723460521,0.21137136380808463,0.23328296184359654,0.03475632791839819
200120,11432,31.406593406593405,11588,31.835164835164836,0.9865377977217812,456,448,1126758.0656927922,709640.5,14773829.032716226,0.2198215535339398,0.3052834149755074,0.22218334499650105,0.023705388383484953
200114,8032,22.1267217630854,7444,20.45054945054945,1.07898979043525,489,501,1021991.6582420318,632010.0,6522534.885915742,0.21725597609561753,0.36977091633466136,0.14392430278884463,0.04133466135458167
1005,8144,22.373626373626372,7598,20.816438356164383,1.0718610160568571,593,553,1476948.9006630648,703674.0,25616254.548516385,0.2673133595284872,0.29101178781925346,0.17915029469548133,0.05243123772102161
1139,6956,19.16253443526171,7292,20.088154269972453,0.9539221064179924,665,602,1031332.8248993674,803479.5,2294264.1770773744,0.14519838987924094,0.02645198389879241,0.4860552041403105,0.014807360552041402
200123,10852,29.813186813186814,10896,29.934065934065934,0.9959618208516887,392,439,1024840.9226870623,618720.5,9247865.449812122,0.2943236269812016,0.21360117950608182,0.19775156653151493,0.01907482491706598
3482,11654,32.01648351648352,11742,32.25824175824176,0.9925055356838699,672,654,1075717.2678050455,788460.0,7991803.8028567275,0.18603054745151879,0.18620216234769177,0.28385103827012187,0.009782049081860306
3497,7542,20.776859504132233,7600,20.9366391184573,0.9923684210526316,679,653,1128388.2576239724,696931.0,14359334.54363759,0.16520816759480245,0.12954123574648635,0.31821797931583135,0.02903739061256961
1002,10868,29.857142857142858,11305,31.057692307692307,0.9613445378151261,659,603,1199749.6959882223,879216.5,5471877.768187371,0.2504600662495399,0.16359955833640044,0.298675009201325,0.024383511225616487
996,10313,28.332417582417584,10234,28.115384615384617,1.007719366816494,625,637,1219318.0181324543,712530.0,13842585.29027864,0.21283816542228257,0.20886260060118297,0.23135847958886843,0.039076893241539803
200248,10647,29.25,9714,26.686813186813186,1.096046942557134,546,529,1051872.2143326758,580406.0,12475799.752094526,0.2364985441908519,0.33925049309664695,0.16502301117685733,0.019160326852634545
300243,18191,49.97527472527472,18360,50.43956043956044,0.9907952069716776,747,717,1746077.821065362,855266.0,31363033.927089673,0.23187290418338738,0.11956461986696718,0.3072398438788412,0.016986421856962235
3494,13544,37.106849315068494,13675,37.56868131868132,0.9904204753199268,704,688,1091614.811724749,687467.0,9644375.819518203,0.16213821618428825,0.17040756054341405,0.3130537507383343,0.018679858239810988
200236,5081,13.958791208791208,3453,9.512396694214877,1.4714740805097017,432,371,1098877.4467624484,738903.0,3881033.7191701764,0.2322377484747097,0.3558354654595552,0.16709309191104113,0.007478842747490651
2690,10360,28.46153846153846,8865,24.354395604395606,1.1686407219402144,612,547,1280668.4828185327,716989.0,16678993.879042419,0.24816602316602315,0.3226833976833977,0.17741312741312742,0.04256756756756757
300246,9315,25.59065934065934,9932,27.21095890410959,0.9378775674587193,685,684,1972245.680837359,892794.0,25541938.66317233,0.2416532474503489,0.23027375201288244,0.22050456253354805,0.017928073000536768
200111,3677,10.129476584022038,3290,9.088397790055248,1.117629179331307,371,313,1857755.8923035082,635839.0,36738306.74331441,0.2953494696763666,0.200435137340223,0.21974435681261897,0.022572749524068535
200136444,2368,35.343283582089555,2425,37.30769230769231,0.9764948453608248,320,325,1454741.7804054054,1074082.0,8094090.241657165,0.140625,0.11275337837837837,0.40625,0.014358108108108109
300008,14004,38.472527472527474,13399,36.70958904109589,1.0451526233300992,551,558,1100022.4800771207,662200.0,16828462.395887148,0.2390745501285347,0.3112682090831191,0.17980576978006285,0.018994572979148815
200102,8653,23.771978021978022,8045,22.10164835164835,1.075574891236793,373,356,860762.0533918872,548290.0,3762165.382221136,0.24430833237027622,0.2636079972263955,0.19865942447705998,0.039061597133941986
200251,9526,26.0986301369863,8892,24.428571428571427,1.0713000449842556,429,422,1358572.3351879069,621725.5,19251811.535583448,0.26359437329414237,0.2443837917279026,0.192735670795717,0.037896283854713414
2586,9018,24.774725274725274,6216,17.076923076923077,1.4507722007722008,553,564,1264945.454313595,807773.0,14574552.88621012,0.21834109558660456,0.3816810822798847,0.1378354402306498,0.01929474384564205
3476,15106,41.38630136986301,16920,46.48351648351648,0.892789598108747,738,733,2097736.7367271283,883684.0,79928008.21054527,0.22494373096782735,0.0787104461803257,0.34661723818350326,0.008605851979345954
200099,12922,35.4027397260274,13850,37.945205479452056,0.9329963898916968,522,519,3273796.9771707165,771638.0,106121685.4543713,0.2760408605479028,0.05912397461693236,0.4154155703451478,0.0360625290202755
200126,7527,20.678571428571427,7248,19.912087912087912,1.0384933774834437,462,521,1275171.2492360834,834877.0,14662927.596932638,0.24657898233027767,0.4037465125548027,0.1526504583499402,0.03387803905938621
1008,16763,46.0521978021978,16130,44.31318681318681,1.0392436453812772,722,694,1421139.8691761617,700961.0,53985242.35956048,0.15665453677742647,0.15128556940881704,0.3555449501879139,0.022967249299051484
984,24002,65.75890410958904,29727,81.66758241758242,0.8074141352978773,776,757,1138819.4875010415,807540.5,20178164.375982903,0.07170235813682194,0.23564702941421548,0.40650779101741524,0.010832430630780768
3491,6698,18.4010989010989,5669,15.574175824175825,1.1815134944434644,523,469,1730274.9346073454,964135.5,18921543.438877013,0.26888623469692446,0.3454762615706181,0.16213795162735145,0.02075246342191699
200132,10853,29.734246575342464,10324,28.36263736263736,1.0512398295234404,630,604,1042356.3895697042,684358.0,9532486.807433534,0.21864922141343407,0.3319819404772874,0.18630793329033446,0.022205841702754997
1038,9662,26.543956043956044,8410,23.104395604395606,1.1488703923900119,606,593,1177954.3879114054,734771.0,19081276.022512183,0.25429517698199133,0.24622231422065824,0.21299937901055682,0.03922583316083626
300026,5366,15.782352941176471,4945,14.45906432748538,1.0851365015166836,461,438,2189399.4096161015,1070497.0,37609165.49953371,0.2914647782333209,0.23294819232202757,0.1673499813641446,0.0253447633246366
300020,6834,18.774725274725274,6697,18.39835164835165,1.0204569210094072,479,486,1438917.0879426398,742426.0,15287636.319812175,0.24831723734269828,0.254023997658765,0.16374012291483758,0.056189640035118525
1035,20858,57.460055096418735,15737,43.23351648351648,1.3254114507212302,725,669,1216695.7141624317,944948.5,7964387.9639254445,0.09540703806692875,0.45383066449324,0.18295138555949755,0.007335314987055326
200138,1762,5.048710601719198,2005,5.761494252873563,0.8788029925187032,306,297,3029349.3592508514,1194042.5,35303215.790995,0.23609534619750283,0.046538024971623154,0.40805902383654935,0.04426787741203178
200001,23207,63.755494505494504,23225,63.80494505494506,0.9992249730893433,670,682,1025225.3971646486,700674.0,8671157.008705137,0.1895979661309088,0.21747748524152197,0.20636014995475502,0.028568966260180118
200135,8802,24.115068493150684,8727,23.90958904109589,1.0085940185630802,412,415,1002935.7164280845,554954.0,18955732.872894708,0.2417632356282663,0.24369461486025903,0.18666212224494433,0.02931152010906612
200129,6287,17.271978021978022,4971,13.694214876033058,1.264735465701066,539,527,1035483.9201526961,788435.0,5458964.806160714,0.24129155400031813,0.3933513599491013,0.14172101161126133,0.016542070940034993
300035,7561,20.771978021978022,5848,16.02191780821918,1.2929206566347469,555,508,1159028.379843936,865608.0,8824585.359625367,0.22655733368602038,0.3629149583388441,0.16466075915884143,0.0232773442666314
300023,12855,36.83381088825215,12530,35.902578796561606,1.0259377494014366,581,576,1323483.5454686892,961681.0,5627842.335122716,0.3085958770906262,0.2498638661999222,0.17261765849863867,0.028160248930377284
1023,7012,19.263736263736263,5524,15.175824175824175,1.2693700217233888,544,546,2791801.676269253,683997.5,147070740.842581,0.22147746719908729,0.3161722760981175,0.19737592698231604,0.012692527096406161
2589,7267,20.074585635359117,7190,19.861878453038674,1.0107093184979137,579,556,1797609.050639879,981341.0,18622021.663825676,0.3060410072932434,0.21329296821246732,0.1760011008669327,0.022292555387367553
2001454444,3331,19.94610778443114,3257,19.50299401197605,1.0227202947497698,438,435,1608525.8249774843,870207.0,16955370.029631488,0.24497148003602523,0.27409186430501353,0.20174121885319724,0.018913239267487243
300011,9945,27.246575342465754,9609,26.39835164835165,1.0349672182329066,497,501,1261974.2619406737,872419.0,8777398.053201303,0.3004524886877828,0.2972347913524384,0.1861236802413273,0.04062342885872298
200010,9545,26.22252747252747,9601,26.376373626373628,0.9941672742422665,556,581,984167.7657412258,664099.0,3050362.7831654125,0.21739130434782608,0.18711367207962284,0.23080146673651125,0.021372446306966997
1017,13815,37.9532967032967,12688,34.857142857142854,1.0888240857503153,587,607,2095973.4199058993,805268.0,138089038.76229563,0.2318494390155628,0.33043792978646397,0.15750995294969236,0.024538545059717698
300029,6364,17.53168044077135,6321,17.41322314049587,1.0068027210884354,283,287,3929967.5150848525,1156846.5,86400770.49596667,0.3848208673790069,0.22658705216844752,0.19594594594594594,0.011156505342551854
200019,2768,7.667590027700831,2637,7.2445054945054945,1.049677664012135,262,245,1213671.734465318,808775.0,10052147.861209113,0.26553468208092484,0.3374277456647399,0.18352601156069365,0.01878612716763006
200007,4170,11.487603305785123,3975,10.92032967032967,1.049056603773585,380,402,1327184.259232614,946333.0,17468931.36573211,0.18129496402877698,0.49256594724220626,0.12206235011990407,0.010311750599520384
200022,7921,21.820936639118457,8493,23.39669421487603,0.9326504179912869,446,492,2694502.506627951,1489464.0,43311059.8840022,0.46824895846484027,0.1286453730589572,0.23620754955182427,0.02726928418129024
1032,13009,35.64109589041096,13006,35.73076923076923,1.0002306627710287,651,625,1106584.743639019,738383.0,9026889.307672415,0.22545929740948575,0.13406103466830654,0.3111691905603813,0.05711430548082097
300041,7040,19.34065934065934,6629,18.21153846153846,1.0620003017046311,425,413,1076720.3517045456,701002.0,8124732.523731138,0.23650568181818182,0.33039772727272726,0.17897727272727273,0.015767045454545454
1160,23535,65.01381215469613,24114,66.797783933518,0.9759890520029858,798,797,1510343.6853197366,993644.0,13217524.768584544,0.21699596345867855,0.15835988952623753,0.299086466964096,0.046823879328659446
200025,14662,55.1203007518797,14637,55.026315789473685,1.00170800027328,570,578,1317563.0436502523,870585.5,12643744.916803038,0.293888964670577,0.25467194107215935,0.20495157550129586,0.0439912699495294
300038,7884,21.65934065934066,7577,20.815934065934066,1.0405173551537548,501,503,1073853.0204211061,786207.5,3502712.6333036656,0.24568746829020802,0.3318112633181126,0.158675799086758,0.021943176052765093
1026,8067,22.223140495867767,7852,21.571428571428573,1.0273815588385125,588,548,841839.0493368043,590960.0,5023280.7150764335,0.1999504152720962,0.22796578653774638,0.2564770050824346,0.019090120242965167
300032,7035,22.620578778135048,7507,24.060897435897434,0.9371253496736379,620,613,1441473.102771855,1076316.0,4722259.5580552835,0.20810234541577824,0.021890547263681594,0.4186211798152097,0.017626154939587774
1029,11571,31.78846153846154,10037,27.574175824175825,1.1528345123044734,600,589,1030767.3910638666,646227.0,12198646.43833215,0.18926626912107855,0.28865266614812896,0.24492265145622677,0.022642813931380176
1151,21388,59.57660167130919,24471,67.78670360110803,0.8740141391851579,790,791,1922857.5920609687,1053790.0,19741099.45788484,0.2298952683747896,0.11983355152421919,0.34383766598092386,0.03403777819337946
200141,5824,25.76991150442478,6225,27.422907488986784,0.935582329317269,437,453,1656412.2726648352,956489.5,14489563.271060375,0.22098214285714285,0.1622596153846154,0.28777472527472525,0.016826923076923076
200147,12535,34.43681318681319,12029,33.0467032967033,1.0420650095602295,473,486,1167509.195532509,673256.0,14940113.917668158,0.2918228958915038,0.3238930993218987,0.16282409254088553,0.014758675708017551
200150,3146,8.714681440443213,2789,7.662087912087912,1.128002868411617,264,227,1185737.207565162,695475.5,8788083.9218625,0.25143038779402416,0.3502860775588048,0.15289256198347106,0.01144310235219326
1020,15456,42.46153846153846,15833,43.497252747252745,0.9761889723994189,701,648,1176630.7241847827,699785.0,17794070.01234795,0.14842132505175984,0.12959368530020704,0.37422360248447206,0.03150879917184265
1047,8775,24.107142857142858,8232,22.615384615384617,1.0659620991253644,526,515,955277.9388034188,678050.0,9499771.673534418,0.23783475783475783,0.2747578347578348,0.21071225071225072,0.017321937321937323
200156,12244,33.637362637362635,12229,33.50410958904109,1.001226592525963,532,528,1600948.0838778177,574193.0,38785477.22383548,0.29214309049330284,0.2001796798431885,0.16702058150931068,0.07162691930741588
200004,7906,21.71978021978022,7947,21.832417582417584,0.9948408204353845,440,498,1546717.8012901593,1185045.5,8010557.662592198,0.28990640020237796,0.3031874525676701,0.19782443713635214,0.021882114849481406
1041,9766,26.82967032967033,8791,24.1510989010989,1.110908884085997,548,563,1120476.8933032972,741103.5,6238850.096717112,0.25783329920131065,0.29756297358181444,0.16577923407741144,0.018840876510342004
1178,7300,20.054945054945055,6545,17.98076923076923,1.1153552330022918,524,523,1346595.7846575342,774488.5,7720168.149851947,0.2589041095890411,0.2961643835616438,0.18342465753424658,0.052054794520547946
1163,17958,49.33516483516483,18076,49.79614325068871,0.9934720070812126,796,778,2564397.3226417196,1035946.0,35265493.959300414,0.28806103129524446,0.049281657200133645,0.29296135427107695,0.048000890967813785
1148,12472,34.26373626373626,12945,35.56318681318681,0.9634607956740054,668,667,1391022.529826812,707996.5,17246390.735163227,0.2322001282873637,0.18681847338037202,0.2604233483001924,0.017398973701090444
200013,8719,23.953296703296704,8320,22.857142857142858,1.0479567307692308,441,431,813232.8410368161,635778.0,949668.0756409519,0.268035325151967,0.3023282486523684,0.18327789884161028,0.017318499827961922
1044,5678,17.363914373088686,7269,22.435185185185187,0.781125326729949,637,617,985128.965480803,753875.0,1796248.9498494812,0.06991898555829518,0.03328636843959141,0.49647763296935543,0.010390982740401549
200016,15461,42.35890410958904,14921,40.99175824175824,1.036190603846927,718,693,2480498.236465947,1304641.0,35726865.988579474,0.3177672854278507,0.19804669814371645,0.2014099993532113,0.025289437940624798
300014,17498,48.07142857142857,17696,48.61538461538461,0.9888110307414105,517,561,877032.2037947194,610140.5,3341066.8580947067,0.2157960909818265,0.3098068350668648,0.2229397645445194,0.023431249285632644
200144,11788,32.295890410958904,11882,32.642857142857146,0.9920888739269483,662,666,1103682.9630132338,686729.5,12809710.417802809,0.17729894808279606,0.19765863590091617,0.3300814387512725,0.02468612147947065
200153,8702,24.17222222222222,8513,23.451790633608816,1.022201339128392,445,483,1150652.2427028269,659186.0,14363355.131114582,0.25879108250976784,0.35221788094690876,0.18570443576189383,0.012870604458745116
1157,27579,75.76648351648352,27530,75.84022038567493,1.0017798764983654,678,690,2877133.8851662497,1296983.0,48644265.50037595,0.3704630334674934,0.1711084520831067,0.21001486638384279,0.0038072446426628955
1169,4368,12.03305785123967,4334,11.906593406593407,1.0078449469312414,565,515,1434201.2463369963,856330.0,10229705.437478673,0.19940476190476192,0.08195970695970696,0.33127289377289376,0.06295787545787546
1175,5769,15.848901098901099,4642,12.752747252747254,1.2427832830676433,447,431,1238254.1294851794,626452.0,13249243.8808935,0.26538394869128096,0.2875715028601144,0.17074016293985092,0.04333506673600277
1154,9299,25.546703296703296,9113,25.035714285714285,1.020410402721387,613,626,1493001.0610818367,672475.0,36547964.462353095,0.24615550059146143,0.2832562641144209,0.20002150768899882,0.02215291966878159
200159,13595,37.3489010989011,12666,34.7967032967033,1.0733459655771356,550,564,948804.65663847,615886.0,4633234.871140487,0.276425156307466,0.2954027215888194,0.18536226553880103,0.017653549098933432
1166,11216,30.813186813186814,11027,30.21095890410959,1.017139747891539,600,584,985087.8202567761,798307.5,2967489.953303654,0.1916012838801712,0.4039764621968616,0.2092546362339515,0.026569186875891583
11274444,322,10.0625,274,8.5625,1.1751824817518248,154,145,3310747.4813664597,720317.0,44420533.10872665,0.2329192546583851,0.3136645962732919,0.15838509316770186,0.024844720496894408
1172,11522,31.653846153846153,11491,31.482191780821918,1.002697763467061,608,590,1427905.5810623155,737873.0,18755901.6589037,0.2566394723138344,0.18998437771220275,0.22600243013365734,0.0355840999826419
10631,5500,15.151515151515152,3887,10.707988980716253,1.4149729868793415,470,448,2055657.6074545456,1033040.5,28143961.995600738,0.3589090909090909,0.15581818181818183,0.21545454545454545,0.012363636363636363
200046,2852,7.878453038674033,2860,7.900552486187845,0.9972027972027973,225,259,1246405.9828190743,901346.5,1927962.3477481017,0.35729312762973353,0.2422861150070126,0.23036465638148668,0.01332398316970547
1190,19694,59.67878787878788,19824,60.255319148936174,0.9934422921711057,683,704,1027073.1290748451,625568.0,9785526.615279453,0.2147862293084188,0.3106529907586067,0.20285366101350666,0.04371889915710369
200162,8851,24.315934065934066,8444,23.197802197802197,1.0481999052581714,447,463,1373156.9018190035,649617.0,22458220.984772846,0.2607614958761722,0.24098971867585584,0.15489775166647837,0.034798327872556774
1053,13678,37.57692307692308,13611,37.392857142857146,1.004922489163177,681,660,2098105.1968855094,677788.5,89963912.39466552,0.19052493054540137,0.17524491884778476,0.35589998537797923,0.023907003947945607
300205,7073,19.484848484848484,6546,17.983516483516482,1.080507179957226,547,575,1222644.4520005656,693102.0,21194934.977056783,0.24063339459917998,0.30199349639474055,0.1507139827513078,0.02813516188321787
300071,9145,25.123626373626372,9044,24.846153846153847,1.0111676249447148,596,597,1676751.8084199016,973654.0,21772264.60808065,0.28354291962821215,0.3106615636960087,0.17495899398578457,0.026134499726626573
1196,5537,15.211538461538462,5411,14.865384615384615,1.0232858990944373,548,571,1402808.2266570346,765301.0,16703057.160595693,0.20823550659201734,0.28192161820480405,0.22232255734152068,0.02654867256637168
300044,3168,8.751381215469614,3067,8.519444444444444,1.0329312031300946,331,361,2068310.8469065656,1078586.0,19088848.73131753,0.25126262626262624,0.40688131313131315,0.16003787878787878,0.0211489898989899
1065,18723,51.43681318681319,18792,51.484931506849314,0.9963282247765006,666,678,748083.7891363563,553765.0,3141307.5101285623,0.1944132884687283,0.21465577097687336,0.27297975751749187,0.02040271324039951
200028,3890,10.74585635359116,3743,10.31129476584022,1.0392733101790008,384,380,1122995.8228791773,791682.5,6257673.0434294855,0.2442159383033419,0.2966580976863753,0.2020565552699229,0.02082262210796915
22183,4361,12.013774104683195,4358,12.005509641873278,1.0006883891693437,566,557,1326403.880531988,979321.0,5203044.110464242,0.21073148360467783,0.14492088970419628,0.30474661774822287,0.028892455858747994
1193,8277,22.92797783933518,8040,22.209944751381215,1.0294776119402984,656,641,2126247.1360396277,981929.0,51993537.4424618,0.2110668116467319,0.021022109459949256,0.43022834360275464,0.010390238008940436
2637,15879,43.62362637362637,15571,42.777472527472526,1.019780360927365,637,642,1067358.8284526733,705260.0,11290119.951691266,0.2566282511493167,0.32136784432269033,0.20593236349896088,0.027142767176774357
200037,7412,20.36263736263736,6819,18.682191780821917,1.086962897785599,381,382,1213569.2288181328,708368.0,14424066.077524664,0.24365893146249326,0.3001888828926066,0.17444684295736643,0.04020507285483001
0,0,0.0,199,0.0,0.0,0,152,0.0,0.0,0.0,0.0,0.0,0.0,0.0
1056,10931,30.112947658402202,12646,34.93370165745856,0.8643839949391112,693,675,1048965.0628487787,778019.0,4543889.196983629,0.08773213795627116,0.08507913274174367,0.47790687036867624,0.013082060195773489
200168,4693,13.0,4519,12.518005540166206,1.0385040938260677,333,322,1566825.8225015982,658136.0,22228532.929835483,0.2812699765608353,0.23971873002343916,0.1787769017685915,0.03366716386106968
3426,9503,26.107142857142858,9367,25.733516483516482,1.014519056261343,520,560,1522401.284120804,974050.0,24457364.5153597,0.2880143112701252,0.4055561401662633,0.1444806903083237,0.030937598653056928
200171,3769,10.382920110192838,3683,10.146005509641872,1.0233505294596796,326,332,903578.5242769965,606252.0,2172837.1464127516,0.2202175643406739,0.3040594322101353,0.1881135579729371,0.025736269567524544
300065,9099,24.997252747252748,8349,22.936813186813186,1.0898311174991018,577,611,2434670.3678426202,909651.0,93543280.27777524,0.2536542477195296,0.4293878448181119,0.1296845807231564,0.026816133641059458
1062,20457,56.20054945054945,20604,56.44931506849315,0.9928654630168899,693,702,1278003.8304247935,755480.0,20647686.432858728,0.1754411692819084,0.1554968959280442,0.33621743168597545,0.026152417265483698
3429,11523,31.74380165289256,13791,38.09668508287293,0.8355449206003915,724,743,1259300.2999218954,1010332.0,3731432.890132604,0.1437125748502994,0.10604877202117505,0.4064045821400677,0.013364575197431224
1208,6688,18.373626373626372,6262,17.203296703296704,1.0680293835835197,515,522,1163779.5228767942,660188.0,20126830.58949193,0.222188995215311,0.284688995215311,0.1715011961722488,0.02751196172248804
200049,8736,24.0,8442,23.192307692307693,1.0348258706467661,533,538,1544669.6684981685,890944.0,14874237.8906072,0.2620192307692308,0.23901098901098902,0.22951007326007325,0.021405677655677656
3423,15058,41.36813186813187,14176,38.94505494505494,1.0622178329571106,650,673,1603813.23030947,1029039.0,18538062.347611316,0.2565413733563554,0.3341745251693452,0.16755213175720549,0.026298313189002522
200043,8236,22.626373626373628,8212,22.4986301369863,1.0029225523623966,422,434,1357906.7938319573,771602.5,15357461.052763278,0.3658329286061195,0.21321029626032054,0.2087178241864983,0.016755706653715396
1211,16060,44.24242424242424,17174,47.18131868131868,0.9351345056480727,713,693,930683.7010585305,680456.0,7613662.461522822,0.15790784557907844,0.11239103362391034,0.4324408468244085,0.008281444582814447
200031,3854,10.67590027700831,3949,10.908839779005525,0.9759432767789313,271,325,1282044.1613907628,650032.0,4591827.465362257,0.32771146860404776,0.12350804359107422,0.2114686040477426,0.01868188894654904
200191444,237,9.115384615384615,239,9.192307692307692,0.9916317991631799,110,124,1461988.5063291139,1182568.0,953576.4083871777,0.24472573839662448,0.24050632911392406,0.20253164556962025,0.012658227848101266
200040,3421,9.424242424242424,3470,9.559228650137742,0.985878962536023,323,357,1013513.0099386144,699276.0,3826895.370138329,0.29143525285004385,0.20023384975153463,0.29055831628178896,0.007307804735457469
200180,7139,19.61263736263736,7000,19.17808219178082,1.0198571428571428,396,394,975107.146238969,508105.0,6541399.332315394,0.17901666900126068,0.2956996778260261,0.256198347107438,0.0053228743521501615
200058,6670,18.324175824175825,6443,17.70054945054945,1.0352320347664132,560,563,1609419.6655172415,817687.5,31061267.168291137,0.21739130434782608,0.24782608695652175,0.25262368815592207,0.033583208395802096
22180,26618,73.12637362637362,27129,74.53021978021978,0.9811640679715433,775,760,972653.2434818543,745773.0,2952178.0416150307,0.1225110827259749,0.07348410849800886,0.43966488842136897,0.009655120595086032
200165,10288,28.263736263736263,9964,27.373626373626372,1.032517061421116,526,535,958908.5076788492,721692.5,2205252.9858781113,0.32776049766718507,0.29189346811819594,0.1526049766718507,0.02400855365474339
22171,15935,43.777472527472526,16379,44.87397260273973,0.9728921179559191,727,711,1057816.7241292752,691602.0,11609885.902365329,0.1231251961091936,0.08032632569814872,0.4592406652023847,0.01299027298399749
1080,21645,59.62809917355372,25687,70.56868131868131,0.8426441390586679,753,763,1490296.063063063,839590.0,28230494.039410986,0.20683760683760682,0.13065373065373065,0.34765534765534767,0.013629013629013628
1050,16920,46.48351648351648,16766,46.06043956043956,1.0091852558749852,679,654,1490065.0342789597,787371.0,15318957.545758437,0.26483451536643027,0.16377068557919622,0.24432624113475176,0.026832151300236407
3435,7794,22.016949152542374,7726,21.76338028169014,1.0088014496505306,560,522,1229346.584423916,761911.5,13006672.81503717,0.2208108801642289,0.12702078521939955,0.2870156530664614,0.028355144983320504
300202,7153,19.6510989010989,7561,20.771978021978022,0.9460388837455364,653,643,1426867.8056759401,951543.0,15018849.326402334,0.1054103173493639,0.042359849014399556,0.4978330770306165,0.01104431706976094
300241444,2384,38.45161290322581,2312,37.29032258064516,1.0311418685121108,355,361,962603.606124161,752851.5,2053088.320610684,0.18120805369127516,0.21895973154362416,0.2596476510067114,0.017197986577181208
1059,7924,24.158536585365855,7786,23.73780487804878,1.0177241202157719,631,606,1508162.3672387684,839253.0,30216174.007348765,0.2271580010095911,0.20949015648662292,0.27536597677940433,0.03255931347804139
22177,10649,31.88323353293413,9314,27.88622754491018,1.143332617564956,528,527,971727.2911071462,683491.0,5084528.542141152,0.23513944971358813,0.3175885059630012,0.1708141609540802,0.01849938961404827
22165,7710,21.181318681318682,7787,21.392857142857142,0.9901117246693206,502,500,3223987.608690013,1097364.0,84588275.77558233,0.28184176394293126,0.03255512321660182,0.3649805447470817,0.032166018158236054
200034,14413,39.487671232876714,13780,37.75342465753425,1.0459361393323658,543,544,1036071.619302019,718656.0,11049587.629425852,0.2590716714077569,0.34968431277319084,0.1860820092971623,0.02074516061888573
200177,2589,7.151933701657459,2280,6.298342541436464,1.1355263157894737,328,321,1602533.911162611,858610.0,16555371.533582281,0.23677095403630746,0.3850907686365392,0.13557358053302435,0.010814986481266898
300053,11928,32.76923076923077,11299,30.956164383561642,1.0556686432427649,528,555,1074829.7211602952,673488.0,6281278.301244145,0.2392689470154259,0.30617035546613014,0.1806673373574782,0.022468142186452045
1071,20395,56.03021978021978,20672,56.79120879120879,0.9866002321981424,745,740,2312695.502378034,1123504.0,28787980.321588222,0.3203726403530277,0.08001961265015935,0.2848247119392008,0.031968619759745034
200174,6856,18.887052341597798,6077,16.695054945054945,1.1281882507816356,373,403,1042050.6371061844,789339.0,2391318.915234802,0.27275379229871644,0.4296966161026838,0.147024504084014,0.0205659276546091
1199,6500,18.005540166204987,6533,17.947802197802197,0.994948721873565,512,453,1706564.3555384616,1052451.5,12266681.372585008,0.33753846153846156,0.11353846153846153,0.23338461538461538,0.002923076923076923
300068,9147,25.12912087912088,8802,24.181318681318682,1.0391956373551465,463,486,1031473.3085164535,654194.0,11318660.018146537,0.22455449874275718,0.3439379031376408,0.1607084289931125,0.012463102656608724
1205,9686,26.60989010989011,9606,26.39010989010989,1.008328128253175,608,588,1082045.2876316332,675995.0,13003987.2835699,0.22186661160437746,0.27297129878174686,0.19812099938054925,0.012698740450134215
1187,10016,27.516483516483518,6815,18.72252747252747,1.4696991929567131,506,470,1101007.1927915337,784973.5,6465671.415984966,0.22274361022364217,0.34764376996805113,0.1459664536741214,0.010483226837060704
200183,32753,89.98076923076923,32884,90.0931506849315,0.9960162997202286,717,732,1480969.5873965744,670764.0,46435612.85863525,0.2847678075290813,0.15036790523005525,0.3067199951149513,0.01645650780081214
1202,19193,53.01933701657459,19644,54.11570247933884,0.9770413357768275,773,779,1470821.366956703,857495.0,20458373.612031132,0.22773927994581358,0.06491950190173501,0.37539728025842756,0.02058041994477153
200186,3785,10.398351648351648,3592,9.868131868131869,1.0537305122494431,379,389,2524879.1254953765,757262.0,65866897.139604926,0.2618229854689564,0.4050198150594452,0.154557463672391,0.020871862615587846
10628,5459,15.038567493112948,5350,14.697802197802197,1.020373831775701,512,510,963245.2982231178,746466.0,2299727.73632121,0.1927092874152775,0.38212126763143434,0.19014471514929474,0.016669719728888074
1184,11272,30.967032967032967,11329,31.123626373626372,0.9949686644893636,683,681,1122166.7240951029,850656.0,2580398.592205668,0.15746983676366216,0.0696415897799858,0.3636444286728176,0.008871540099361249
200052,9771,26.843406593406595,10124,27.813186813186814,0.9651323587514816,670,653,1672695.2502302732,1158321.0,9260127.28321201,0.29137242861529017,0.04237027939821922,0.3151161600655,0.008596868283696654
1074,20769,57.53185595567867,24307,67.51944444444445,0.8544452215411198,759,747,1114567.8580095335,707750.0,11533716.211729737,0.06779334585199095,0.038326351774278976,0.5778323462853291,0.006211180124223602
300047,8100,22.252747252747252,8084,22.208791208791208,1.0019792182088074,553,570,1769770.335308642,828296.5,41404276.002487004,0.2548148148148148,0.29864197530864195,0.17987654320987653,0.041234567901234566
1077,29001,79.67307692307692,29218,80.26923076923077,0.9925730713943459,634,611,1814672.8959691045,628853.0,76485212.50546224,0.21188924519844143,0.18264887417675252,0.22854384331574773,0.030688596944932933
22174,13013,35.75,12048,33.00821917808219,1.0800962815405046,587,589,1509148.7486359794,613682.0,28237672.583437346,0.2694997310381926,0.26657957427188195,0.18304772150925996,0.06124644586183048
300050,17494,48.06043956043956,17344,47.64835164835165,1.0086485239852399,686,679,1057959.8829312907,745414.5,9768001.251891796,0.2562592888990511,0.297530581913799,0.20264090545329827,0.021721733165656797
1068,11088,30.46153846153846,11369,31.233516483516482,0.9752836661095963,657,647,1302767.5302128426,748645.5,18099317.77752171,0.1746031746031746,0.10948773448773448,0.4213564213564214,0.025432900432900432
300062,4710,15.647840531561462,4786,15.795379537953796,0.9841203510238195,470,533,2822057.195116773,1166016.5,51459179.81751559,0.3029723991507431,0.28768577494692144,0.17346072186836517,0.026326963906581742
22159,8841,24.28846153846154,8748,23.96712328767123,1.010631001371742,608,628,1010875.3752969122,742617.0,5148330.071015415,0.2091392376428006,0.26060400407193757,0.20800814387512725,0.038230969347358895
300074,8018,22.02747252747253,8786,24.13736263736264,0.9125882085135443,707,686,1621158.241332003,848079.5,21511463.72355665,0.1590172112746321,0.05874282863556997,0.3765278124220504,0.05001247193813919
200189,10048,27.604395604395606,9989,27.442307692307693,1.0059064971468616,601,615,974419.3682324841,697458.0,3794552.7025611075,0.22581608280254778,0.22193471337579618,0.26681926751592355,0.011843152866242039
300059,7720,21.208791208791208,7764,21.32967032967033,0.994332818134982,484,526,4188673.2439119173,874239.0,194426646.56620398,0.2516839378238342,0.33860103626943006,0.14844559585492229,0.03536269430051813
10625,5612,15.417582417582418,5286,14.561983471074381,1.0616723420355656,474,483,1496128.0315395582,763237.0,32053689.56981794,0.25427655024946544,0.2676407697790449,0.1701710620099786,0.02886671418389166
3432,9129,25.07967032967033,8998,24.71978021978022,1.0145587908424094,633,635,1606976.7457552853,789578.0,51031361.21338982,0.1678168474093548,0.13637857377587906,0.35677511227954867,0.036367619673567754
3420,15527,42.65659340659341,16611,45.63461538461539,0.9347420384082836,690,687,1176118.7892058995,743972.0,11802464.639275534,0.24132156888001546,0.12809943968570878,0.3171250080504927,0.018999162748760224
2649,9824,26.98901098901099,11353,31.189560439560438,0.8653219413370915,675,651,1059497.2345276873,846959.5,4359755.870220316,0.12255700325732899,0.007125407166123778,0.4627442996742671,0.008346905537459284
300056,8269,22.717032967032967,7927,21.77747252747253,1.0431436861359908,391,403,1107065.4894183094,732720.0,7036733.147157556,0.3406699721852703,0.23956947635747974,0.21151287942919336,0.013060829604547103
200210,16930,46.510989010989015,16485,45.16438356164384,1.02699423718532,669,670,1117471.003484938,780393.5,7611783.970505731,0.17790903721204962,0.20962787950383935,0.2817483756645009,0.026284701712935617
200207,9345,25.673076923076923,9356,25.703296703296704,0.9988242838820008,557,603,1142628.4584269663,796558.0,9028090.18574307,0.24772605671482076,0.3110754414125201,0.16233279828785446,0.059069020866773674
300080,4334,11.906593406593407,4083,11.217032967032967,1.0614744060739651,366,388,1464905.070143055,701688.0,23854127.999046095,0.20373788647900323,0.45085371481310565,0.15136132902630364,0.009229349330872173
3468,7859,21.59065934065934,7719,21.206043956043956,1.0181370643865786,561,531,861435.7572210205,647177.0,4296276.277450592,0.24481486194172286,0.30080162870594224,0.17826695508334395,0.03142893497900496
3444,12157,33.39835164835165,11505,31.607142857142858,1.056671012603216,590,585,1775521.7431109648,626383.0,46839313.88450213,0.25804063502508845,0.21460886731923995,0.21551369581311178,0.047544624496175046
300077,2315,6.395027624309392,2464,6.844444444444444,0.9395292207792207,310,326,1046610.844924406,819592.0,1530487.0475574932,0.21079913606911446,0.38228941684665224,0.15421166306695464,0.024190064794816415
1101,6443,17.74931129476584,2432,6.7368421052631575,2.6492598684210527,596,452,3260470.326555952,1464001.0,65069372.43236994,0.36318485177712245,0.02250504423405246,0.24895235138910446,0.08629520409747013
200213,10363,28.46978021978022,9159,25.162087912087912,1.1314553990610328,488,500,871223.9165299623,578557.0,6166200.197336174,0.24741870114831613,0.3613818392357425,0.16336968059442247,0.03319502074688797
2670,3519,9.694214876033058,3039,8.37190082644628,1.1579466929911155,431,408,1433505.2884342142,935806.0,10984634.199013049,0.23017902813299232,0.2872975277067349,0.19892014776925263,0.024438761011651038
300211,13012,35.747252747252745,12363,33.964285714285715,1.0524953490253175,699,690,1149854.1811404857,766495.5,7214798.491638039,0.1675376575468798,0.2501537042729788,0.23455272056563173,0.013833384568090993
1083,8159,22.414835164835164,8175,22.458791208791208,0.9980428134556575,585,564,1613190.3591126364,656306.0,31163327.501104515,0.27748498590513543,0.14842505208971687,0.25701679127344035,0.037504596151489156
976,7911,21.673972602739727,7060,19.395604395604394,1.1205382436260622,563,529,1066354.4764252307,688995.0,3847402.8942041667,0.22828972317026924,0.17785362153962836,0.2416887877638731,0.03615219314878018
300214,11657,32.02472527472528,12011,32.997252747252745,0.9705270169011739,658,648,2408439.7362100026,803134.0,92500185.28120606,0.1636784764519173,0.1331388865059621,0.3752251865831689,0.024191472934717337
300095,7190,19.752747252747252,7166,19.686813186813186,1.003349148758024,479,495,1079657.6118219749,676085.0,5912339.95999654,0.26063977746870653,0.25354659248956884,0.20208623087621697,0.02545201668984701
200079,11505,31.607142857142858,11674,32.07142857142857,0.9855233853006682,522,570,1324259.749587136,807354.0,9306212.725112403,0.26492829204693613,0.24111255975662754,0.17774880486744893,0.03111690569317688
2667,12613,34.6510989010989,12490,34.21917808219178,1.009847878302642,606,634,1605711.705779751,720420.0,55741227.49172482,0.28748117022120034,0.3096804883849996,0.1934512011416792,0.029414096567034014
300226,8862,24.41322314049587,9029,24.941988950276244,0.9815040425296268,404,389,1884531.7722861657,862892.5,18885051.037770294,0.39731437598736175,0.12784924396298805,0.24994357932746558,0.04378244188670729
964,18065,49.629120879120876,18159,49.887362637362635,0.9948235034968886,705,706,837293.9559368945,582088.0,5271821.229279258,0.19302518682535288,0.1788541378355937,0.30650429006365904,0.017160254636036536
300220,8628,23.900277008310248,8343,23.175,1.0341603739661993,667,606,1088670.6650440427,682218.0,9757603.369299151,0.05887807139545665,0.041840519239684744,0.6232035234121465,0.008692628650904033
3462,8837,24.27747252747253,8911,24.48076923076923,0.9916956570530805,603,608,1070571.4276338124,785014.0,6557622.602483103,0.2678510806834899,0.12696616498811814,0.28946475048093245,0.016181962204368
300098,2955,8.185595567867036,2909,8.035911602209945,1.0158129941560674,330,345,1294834.7556683586,728646.0,13856245.921349926,0.2707275803722504,0.27715736040609135,0.20372250423011845,0.010829103214890017
1095,6214,17.071428571428573,6086,16.71978021978022,1.021031876437726,567,580,1050996.4320888317,670379.5,7015929.231503797,0.23286128097843578,0.22706791116832958,0.21258448664306404,0.03009333762471838
1226,14003,38.46978021978022,10624,29.186813186813186,1.3180534638554218,609,595,918706.7082767978,588615.0,9622041.173714112,0.22380918374634007,0.3674212668713847,0.17332000285653074,0.025708776690709135
1104,7805,21.442307692307693,6583,18.085164835164836,1.1856296521342853,626,600,1202980.6461242794,665354.0,14838948.117709143,0.25086483023702755,0.24433055733504164,0.1971812940422806,0.060858424087123636
200073,8773,24.10164835164835,8033,22.068681318681318,1.0921200049794597,443,463,1023840.5380143622,581454.0,9408723.578925554,0.2667274592499715,0.24051065769976063,0.20585888521600365,0.02997834264219765
979,13206,36.28021978021978,10868,29.775342465753425,1.215126978284873,567,533,833993.7493563532,531865.0,9528917.22946441,0.21353930031803725,0.3260639103437831,0.1932454944722096,0.030592155081023777
1217,22629,62.33884297520661,22542,62.099173553719005,1.003859462336971,676,693,2400346.6760793673,1169048.0,34135931.80652039,0.3783198550532503,0.13261743780105176,0.21432674886207964,0.002607273852136639
300089,8683,23.854395604395606,8804,24.186813186813186,0.9862562471603816,604,619,1521334.8703213176,810634.0,26726648.763381097,0.23551767822181274,0.2806633651963607,0.19682137510077163,0.014165610963952552
300086,22030,60.52197802197802,21864,59.9013698630137,1.00759238931577,612,636,997696.563549705,560131.5,7895306.16944406,0.2445755787562415,0.16177939173853836,0.25024965955515205,0.02401270994098956
967,10535,28.942307692307693,10301,28.29945054945055,1.0227162411416368,639,608,822525.73089701,632325.0,2024148.91486826,0.21727574750830564,0.14124347413383959,0.30764119601328904,0.01585192216421452
200064,21678,59.55494505494506,21686,59.57692307692308,0.9996310984045006,603,624,1362705.9332964295,753955.0,25640308.467661243,0.3601346987729495,0.2318479564535474,0.1962358151120952,0.01835962727188855
3441,5589,15.354395604395604,5375,14.726027397260275,1.0398139534883721,499,486,1109242.8293075685,812552.0,8266152.437270507,0.2551440329218107,0.2463768115942029,0.2080873143675076,0.04956163893361961
973,24595,67.56868131868131,23900,65.47945205479452,1.0290794979079498,709,704,1207972.5085179915,660863.0,19461818.84030026,0.2818052449684895,0.16316324456190281,0.24261028664362674,0.04078064647286034
1113,10461,28.73901098901099,10077,27.60821917808219,1.0381065793390891,553,565,1156970.4278749642,630720.0,10961052.895715993,0.2749259153044642,0.29739030685402923,0.20504731861198738,0.029633878214319856
2682,10216,28.22099447513812,9957,27.505524861878452,1.0260118509591243,586,574,1383771.021045419,954652.0,7571364.339099933,0.3139193422083007,0.20957321848081442,0.20644087705559905,0.011354737666405637
300238,5961,16.376373626373628,6129,16.884297520661157,0.9725893294175233,577,588,1853878.2486160041,672721.0,51630271.802558504,0.1498070793491025,0.06878040597215232,0.4393558127830901,0.013252809931219594
3465,19919,54.722527472527474,20113,55.255494505494504,0.9903544970914334,750,746,1751695.7592248607,880659.0,33022306.482530344,0.16145388824740198,0.25628796626336664,0.28716301019127466,0.01676791003564436
200195,5221,14.382920110192838,4855,13.337912087912088,1.0753861997940268,486,481,2147854.9362191153,743155.0,34386542.46572242,0.2455468301091745,0.35012449722275424,0.16395326565791993,0.02049415820723999
1086,13487,37.0521978021978,13990,38.434065934065934,0.9640457469621158,664,638,1162002.4967005264,708208.0,13981721.070402866,0.16126640468599393,0.18477051975976866,0.2934677837917995,0.012308148587528732
200201,11825,32.48626373626374,11418,31.28219178082192,1.035645472061657,568,579,1163308.6331501056,787920.0,11920872.544778895,0.24887949260042283,0.34866807610993655,0.20219873150105708,0.01758985200845666
3471,2255,26.845238095238095,2016,24.0,1.1185515873015872,398,370,758088.822616408,676391.0,513922.1409222354,0.22882483370288248,0.30199556541019956,0.19113082039911308,0.028381374722838137
1229,14381,40.05849582172702,15202,42.227777777777774,0.9459939481647152,740,735,1071661.4446144218,778171.0,5123466.421771993,0.21535359154439887,0.08831096585772895,0.3755649815729087,0.02426813156247827
300092,10089,27.717032967032967,9239,25.38186813186813,1.092001298841866,525,531,1037820.7677668749,747293.0,5842184.969649693,0.24838933491921894,0.35989691743483,0.1800971354941025,0.020418277331747448
1107,19133,59.41925465838509,19214,59.48606811145511,0.9957843239304673,647,630,900407.1180159933,569211.0,5137283.666257704,0.2289238488475409,0.15449746511263263,0.2807191762922699,0.02289238488475409
200198,11998,32.96153846153846,11768,32.32967032967033,1.019544527532291,659,643,1118664.4582430406,791898.5,7704687.347190908,0.20436739456576097,0.30330055009168194,0.220536756126021,0.020003333888981498
200070,6378,17.521978021978022,6305,17.321428571428573,1.0115781126090404,519,512,2276305.701787394,1045849.5,23978438.637055572,0.28629664471621197,0.19614299153339604,0.22859830667920977,0.01473816243336469
1220,21243,58.35989010989011,26856,73.78021978021978,0.7909964253798034,656,629,1131902.7688179635,795890.0,12747012.836112449,0.18853269312244034,0.07348302970390246,0.28785953019818294,0.00809678482323589
3450,10101,27.903314917127073,10243,28.373961218836566,0.9861368739627062,672,630,1297366.4114444114,661360.0,17800001.405267447,0.168993168993169,0.18285318285318286,0.32353232353232353,0.01772101772101772
1092,24332,66.84615384615384,29814,82.13223140495867,0.8161266519084993,756,743,936356.4296399803,708270.0,5221501.643873483,0.10451257603156337,0.12074634226532961,0.5053016603649515,0.005630445503863225
300235,11121,30.552197802197803,11162,30.664835164835164,0.9963268231499731,595,613,1445769.631418038,853546.0,16470283.461728564,0.2499775200071936,0.326049815664059,0.1874831400053952,0.046938224979768
300083,33935,93.22802197802197,35349,97.11263736263736,0.9599988684262638,777,763,1711079.0440548107,778015.0,44999906.767867655,0.21161043170767643,0.20960660085457491,0.2763223810225431,0.02442905554736997
2679,13311,36.56868131868132,13197,36.255494505494504,1.0086383268924755,592,615,1983490.785515739,755906.0,49269310.54023439,0.2815716324844114,0.3195853053865224,0.19397490797085118,0.022462624896701977
2685,18547,51.8072625698324,18656,52.11173184357542,0.9941573756432247,697,671,1201639.0881544184,748430.0,14311259.716737201,0.23777430312179867,0.1461691917830377,0.28948077856257076,0.010729498032026743
300217,2996,8.253443526170798,3123,8.62707182320442,0.9593339737431956,245,266,5125192.5967957275,1112585.0,152556864.62001154,0.3664886515353805,0.1184913217623498,0.29205607476635514,0.016355140186915886
200088,5344,14.721763085399449,6308,17.473684210526315,0.8471781864299303,585,556,1087030.7267964073,878899.0,3053429.5683876537,0.13809880239520958,0.09412425149700598,0.4315119760479042,0.023203592814371257
3456,7167,19.908333333333335,7899,22.002785515320333,0.9073300417774401,585,553,3765229.5254639317,775360.0,190812098.33939683,0.1617134086786661,0.009069345611832008,0.4462118041021348,0.0069764197014092364
3459,9456,25.978021978021978,8984,24.681318681318682,1.0525378450578806,547,531,1069073.4360194586,701095.5,8279662.589249188,0.24809644670050762,0.26808375634517767,0.18221235194585447,0.0266497461928934
970,8772,24.23204419889503,8910,24.75,0.9845117845117846,682,636,970606.7574099407,698313.5,3266269.0933789155,0.12733698130414955,0.1038531691746466,0.40925672594619245,0.018923848609211126
200076,2651,7.3434903047091415,2515,6.890410958904109,1.0540755467196818,443,426,1297857.0082987552,802693.0,7947117.351763925,0.24971708789136174,0.22934741606940778,0.23613730667672575,0.03545831761599397
200192,4294,11.796703296703297,3932,10.802197802197803,1.0920651068158698,397,395,1848444.3931066606,745852.5,41613780.76873085,0.23684210526315788,0.33185840707964603,0.180018630647415,0.017000465766185375
300229,7357,20.156164383561645,7337,20.156593406593405,1.0027259097723866,503,568,1319544.6918580944,980511.0,10570910.397144573,0.2303928231616148,0.3558515699333968,0.16378958814734268,0.037107516650808754
1098,7346,20.181318681318682,7367,20.23901098901099,0.9971494502511199,703,634,1357314.069289409,1003033.0,4146097.9494628296,0.1592703512115437,0.04383337870950177,0.4625646610400218,0.031581813231690715
300208,8066,22.22038567493113,8532,23.50413223140496,0.9453820909517112,633,580,2570299.7102653114,685840.5,104180863.06952627,0.1720803372179519,0.08554425985618647,0.3915199603272998,0.024423506074882223
1110,15960,44.08839779005525,16033,44.16804407713499,0.9954468907877503,638,580,2736208.5692982455,1309926.5,48586749.798053846,0.3476190476190476,0.1068295739348371,0.2293859649122807,0.0030701754385964912
200204,2085,5.791666666666667,1999,5.646892655367232,1.0430215107553777,283,263,2145516.035971223,1071094.0,35288534.480438225,0.30167865707434055,0.2892086330935252,0.21390887290167865,0.01486810551558753
200219,7236,19.87912087912088,6991,19.153424657534245,1.0350450579316264,425,462,1949907.2030127142,715356.0,40546828.2579557,0.21130458817025982,0.36207849640685463,0.17896627971254836,0.011332227750138198
200216,4482,12.625352112676056,4525,12.675070028011204,0.9904972375690608,443,462,3134209.197902722,956730.0,98552887.69474332,0.24520303435966087,0.2545738509593931,0.214190093708166,0.017626059794734493
982,19593,53.679452054794524,30817,84.43013698630136,0.6357854430995878,753,763,1226761.0021436226,728254.0,36583287.20694524,0.10304700658398408,0.07354667483284846,0.5214617465421324,0.0113816158832236
1089,11019,30.355371900826448,11318,31.093406593406595,0.9735819049301997,601,565,1794708.1369452763,731918.0,74041158.87321658,0.1955712859606135,0.1660767764769943,0.2396769216807333,0.03303385062165351
200091,7762,21.324175824175825,8363,22.975274725274726,0.9281358364223364,487,527,2014370.7425921154,720168.0,56670437.0903292,0.26500901829425405,0.26745684102035555,0.22069054367431074,0.020484411234217986
200067,5506,15.168044077134986,5360,14.725274725274724,1.0272388059701492,468,447,4262841.227206684,707158.0,136164592.81186995,0.2562658917544497,0.2382855067199419,0.23774064656738103,0.017435524881946968
300101,7660,21.043956043956044,8313,22.837912087912088,0.921448333934801,438,484,1312513.9736292427,591150.0,17498464.76673253,0.22193211488250653,0.1409921671018277,0.2539164490861619,0.024673629242819843
1214,7882,21.653846153846153,7366,20.292011019283745,1.070051588379039,475,465,1152960.7871098707,588216.5,15557354.171176191,0.2350926160872875,0.36995686374016745,0.16823141334686628,0.01053032225323522
200061,3551,9.755494505494505,4028,11.065934065934066,0.881578947368421,417,432,2404701.310053506,808251.0,65082103.02507147,0.28104759222754155,0.1861447479583216,0.24584624049563503,0.028724303013235707
300232,9263,29.22082018927445,9291,29.309148264984227,0.9969863308578194,621,631,1786032.2462485156,890392.0,37220772.27378026,0.2895390262334017,0.2753967397171543,0.18568498326676022,0.023966317607686496
200222,6891,18.931318681318682,6788,18.64835164835165,1.0151738361814968,572,571,1080655.8585111015,759329.0,6446435.432879333,0.22913945726309679,0.2063561166739225,0.25293861558554637,0.024814976055724858
200134444,2208,33.96923076923077,1935,29.76923076923077,1.1410852713178294,385,367,1157180.5910326086,773188.5,2790026.9505871646,0.2898550724637681,0.2269021739130435,0.2318840579710145,0.02309782608695652
1223,4360,12.011019283746556,3931,10.79945054945055,1.109132536250318,422,414,1236914.0323394495,799462.5,10412838.394487835,0.2779816513761468,0.21444954128440366,0.1793577981651376,0.03853211009174312
3447,12600,34.61538461538461,12617,34.66208791208791,0.9986526115558374,609,583,1149515.2858730159,755363.5,12090824.663547397,0.22126984126984128,0.11293650793650793,0.3300793650793651,0.02023809523809524
961,10453,28.717032967032967,10516,28.89010989010989,0.9940091289463674,657,637,967768.7834114608,722743.0,5015688.977542093,0.1784176791351765,0.2184061991772697,0.29331292451927676,0.015402276858318187
200082,2360,6.555555555555555,2032,5.723943661971831,1.1614173228346456,299,317,1858792.9512711863,675570.5,28115420.765064728,0.27288135593220336,0.1733050847457627,0.17415254237288136,0.05847457627118644
985,14801,40.774104683195596,13657,37.51923076923077,1.0837665665958849,734,660,896128.8025809067,670692.0,1709338.4697432804,0.11242483615971893,0.10587122491723532,0.4463211945138842,0.01418823052496453
3489,16376,45.112947658402206,16889,46.52617079889807,0.9696251998342116,773,768,1765980.8629091354,967449.5,43844429.30223256,0.24780166096726916,0.09287982413287738,0.36351978505129456,0.029311187103077674
200240,12358,33.85753424657534,12544,34.46153846153846,0.9851721938775511,649,679,1457110.9634245024,969866.0,13399091.863596147,0.2642822463181745,0.2383880886874899,0.2276258294222366,0.028402654151157145
988,12103,33.15890410958904,12369,33.98076923076923,0.978494623655914,743,733,1424045.207138726,944103.0,14279762.555208635,0.23985788647442782,0.06452945550689912,0.3122366355449062,0.038998595389572836
300244,4113,11.393351800554017,3831,10.612188365650969,1.0736100234925607,467,465,1993643.017748602,890818.0,26021990.070481382,0.25723316314125944,0.22295161682470216,0.1765134938001459,0.028203257962557744
200124,4235,11.634615384615385,4192,11.516483516483516,1.0102576335877862,367,373,2543853.3192443918,630033.0,53538417.16837547,0.27131050767414405,0.3244391971664699,0.14828807556080284,0.01629279811097993
3495,17243,47.370879120879124,17851,49.04120879120879,0.9659402834575094,766,741,1159968.0933132286,819809.0,8418391.379116734,0.17131589630574726,0.07162326741286319,0.44128051963115467,0.015484544452821434
994,13512,37.120879120879124,13839,37.915068493150685,0.976371125081292,652,654,1689318.41955299,777719.0,50044818.053439684,0.2581409117821196,0.257400828892836,0.22261693309650682,0.026939017169923033
200243,3602,9.895604395604396,3622,9.977961432506888,0.9944781888459415,226,246,1519692.611604664,438701.0,21343815.85186903,0.31260410882842865,0.2887284841754581,0.18517490283176014,0.015824541921154914
1146,12400,34.065934065934066,12202,33.52197802197802,1.0162268480576955,678,701,1026202.862983871,672936.5,9076614.738130564,0.2584677419354839,0.17080645161290323,0.2318548387096774,0.028064516129032258
1003,12275,33.722527472527474,12512,34.27945205479452,0.9810581841432225,751,714,1858603.5265173116,882320.0,78844370.30437355,0.1685539714867617,0.03739307535641548,0.4218329938900204,0.012219959266802444
200115,16582,45.55494505494506,16500,45.32967032967033,1.004969696969697,564,586,1346961.5059703293,819104.5,31436645.314219024,0.2894705101917742,0.2930888915691714,0.18954287781932216,0.025992039560969727
1009,15215,41.79945054945055,13817,37.95879120879121,1.1011797061590793,660,630,906803.3152152481,643487.0,3524847.2277556616,0.1645744331252054,0.11146894511994743,0.2738744659875123,0.04732172198488334
997,14703,41.53389830508475,15305,43.11267605633803,0.9606664488729173,669,667,1059151.6154526288,829598.0,6094539.631456986,0.07712711691491532,0.0631843841392913,0.5092158062980344,0.015983132694008025
1006,12524,34.692520775623265,12691,35.25277777777778,0.9868410684737215,730,730,1237788.6984988821,759294.0,11526439.459937524,0.1895560523794315,0.07234110507824976,0.38749600766528264,0.028744809964867453
1131,14004,38.472527472527474,11657,31.936986301369863,1.201338251694261,621,612,1030647.5614824336,715899.0,9679648.268336648,0.23514710082833476,0.3671093973150528,0.1790916880891174,0.017852042273636105
200112,9073,24.925824175824175,9150,25.13736263736264,0.9915846994535519,406,413,2380482.403725339,1002427.0,79236560.27050805,0.32458944119916233,0.2402733384767993,0.20753885153752893,0.04055990300892759
1128,6844,18.75068493150685,6703,18.414835164835164,1.0210353573027002,511,541,1498711.8625073056,856067.5,26872801.62741908,0.2796610169491525,0.29383401519579194,0.1760666277030976,0.016072472238457043
2691,16213,44.54120879120879,16465,45.23351648351648,0.9846948071667173,731,700,1078069.4543884536,725690.0,10397379.06329578,0.1359402948251403,0.13748226731635108,0.36341207672855114,0.025905137852340714
1116,13080,35.934065934065934,12977,35.6510989010989,1.0079371195191493,601,576,979201.6523700305,681714.0,10749692.39615415,0.24747706422018348,0.2081804281345566,0.21406727828746178,0.031804281345565746
2694,18132,49.676712328767124,17958,49.33516483516483,1.0096892749749415,697,716,1501498.2914184867,734031.0,29612026.10412562,0.3251158173395103,0.18580410324288552,0.23180013236267372,0.06507831458195455
1012,7381,20.61731843575419,8334,23.34453781512605,0.8856491480681545,618,587,1054210.6883891071,841216.0,3188639.7440992957,0.06801246443571332,0.08725104999322585,0.4588809104457391,0.018019238585557512
200234,8728,23.978021978021978,7684,21.10989010989011,1.135866736074961,408,425,908353.083295142,640400.5,7721244.287548556,0.23166819431714022,0.30304766269477545,0.18492208982584785,0.03368469294225481
3492,8341,22.914835164835164,8471,23.271978021978022,0.9846535237870381,500,533,1516936.1425488552,1223019.0,4963700.099307603,0.31662870159453305,0.26519601966191103,0.1867881548974943,0.022419374175758303
200118,6540,17.967032967032967,6481,17.853994490358126,1.0091035334053386,559,557,1573893.7529051988,923239.0,11328543.164105283,0.27996941896024463,0.2603975535168196,0.19862385321100917,0.031039755351681957
200237,13139,36.09615384615385,13124,35.95616438356164,1.0011429442243218,545,571,1738231.6152675243,693165.0,52528673.09189677,0.244082502473552,0.21028997640611918,0.23045893903645634,0.018570667478499125
3501,6154,17.094444444444445,6263,17.30110497237569,0.9825961999041992,578,511,959897.4159896002,811121.5,1814596.7555716664,0.09246018849528762,0.05459863503412415,0.5129996750081248,0.012187195320116997
300006,9356,25.703296703296704,9358,25.708791208791208,0.9997862791194699,650,686,1870135.5104745617,1292397.0,18768306.98379271,0.27137665669089356,0.314664386489953,0.1735784523300556,0.026186404446344593
200097,9832,27.01098901098901,9760,26.813186813186814,1.0073770491803278,454,483,958032.1787021969,685820.5,5358002.766514533,0.21867371847030107,0.19395850284784377,0.23189585028478438,0.048108218063466233
2587,39851,109.48076923076923,39983,109.8434065934066,0.9966985969036841,787,774,1033474.532533688,779969.0,5655186.182754841,0.12285764472660661,0.24975533863642066,0.3293518355875637,0.014855336127073349
300241,11503,38.08940397350993,11198,37.079470198675494,1.027237006608323,599,600,1435066.4736155786,810186.0,37113524.8057779,0.1654351038859428,0.20759801790837173,0.2736677388507346,0.014344084151960357
3504,21209,58.42699724517907,21515,59.269972451790636,0.9857773646293284,795,785,1436145.5460889244,996865.0,8781159.945692815,0.301994436324202,0.0464896977698147,0.2915743316516573,0.04460370597387901
1134,12601,34.61813186813187,12211,33.5467032967033,1.0319384161821308,610,611,1105294.5032933895,731174.0,4180661.9800565396,0.2368859614316324,0.29315133719546066,0.19228632648202523,0.017697008173954448
1015,8407,23.096153846153847,8523,23.544198895027623,0.9863897688607298,629,627,1526224.6373260377,804673.0,16187016.309397314,0.200309266087784,0.10300939693112882,0.36945402640656594,0.011181158558344237
300250,11357,31.45983379501385,12034,33.335180055401665,0.943742728934685,750,753,1574683.8532182795,1105189.0,9989336.441690054,0.22356256053535264,0.08540987936955181,0.4341815620322268,0.02527075812274368
1143,10885,29.903846153846153,10890,29.917582417582416,0.9995408631772268,622,593,1187100.8547542489,875196.0,3313204.3691297937,0.2703720716582453,0.19889756545705098,0.2309600367478181,0.02498851630684428
2688,6265,17.354570637119114,9062,24.96418732782369,0.691348488192452,665,674,1569499.106943336,992560.0,21989622.45628647,0.1561053471667997,0.01675977653631285,0.5086991221069433,0.022505985634477255
200230444,5422,58.30107526881721,5293,56.308510638297875,1.0243718118269411,336,308,2319534.678716341,376860.5,86037974.10564205,0.3107709332349686,0.09516783474732571,0.27646624861674657,0.06455182589450387
200246,22053,60.58516483516483,18192,49.97802197802198,1.2122361477572559,635,617,854673.5944315966,618898.0,2783702.0470029917,0.22627306942366118,0.3608125878565275,0.173083027252528,0.01768466875255067
300009,10109,27.771978021978022,9991,27.447802197802197,1.01181062956661,549,591,1501784.949945593,647953.0,47800687.08993235,0.23968740726085666,0.2513601741022851,0.19111682659016718,0.0342269265011376
1000,20489,56.28846153846154,20549,56.298630136986304,0.9970801498856392,729,709,996137.9453365221,716153.0,5627912.18397976,0.2517936453706867,0.24227634340377763,0.23397920835570307,0.040655961735565425
200252,11116,30.454794520547946,10852,29.813186813186814,1.0243273129377073,457,462,1166902.7010615328,751640.0,9529685.628967267,0.27356962936308027,0.3174703130622526,0.18657790572148256,0.04659949622166247
3480,11606,31.884615384615383,13274,36.467032967032964,0.8743408166340214,714,694,1126253.2931242462,866181.5,4831370.187346285,0.12967430639324487,0.15379975874547647,0.3368085473031191,0.018094089264173704
991,23690,65.08241758241758,25481,70.00274725274726,0.9297123346807425,758,745,1495561.823174335,812415.0,30498037.226957902,0.10713381173490924,0.26032081046855216,0.33300970873786406,0.023723089911355
1140,6745,18.53021978021978,5971,16.35890410958904,1.1296265282197286,567,544,1194375.05618977,739434.0,9375176.597360898,0.2419570051890289,0.29799851742031136,0.15878428465530023,0.03172720533728688
200231,11745,32.26648351648352,13350,36.675824175824175,0.8797752808988764,695,714,1595919.331885909,900496.0,27510218.111757785,0.20527884206045124,0.07305236270753512,0.3670498084291188,0.016177096636866752
300247,14190,38.87671232876713,14118,38.785714285714285,1.0050998725031874,655,680,1094207.965116279,809449.5,10011115.98186534,0.22184637068357999,0.3329105003523608,0.22233967582804792,0.035447498238195915
200109,5427,14.950413223140496,5462,14.964383561643835,0.9935920908092274,339,393,1183137.2905841165,987541.0,1453310.8591334578,0.2505988575640317,0.3430993182236963,0.16712732633130642,0.016399484061175605
200249,14178,38.95054945054945,13595,37.3489010989011,1.0428834130194924,535,462,1420663.1522781774,663074.0,30066160.24987187,0.18592185075469037,0.11440259557060234,0.24714346170122725,0.0320919734800395
200094,11881,32.64010989010989,12862,35.33516483516483,0.923728813559322,702,721,1036031.127009511,774250.0,2874145.39494918,0.10150660718794714,0.05353084757175322,0.462923996296608,0.010605167915158656
300003,5848,16.110192837465565,5718,15.708791208791208,1.0227352221056314,469,482,1301608.0391586868,686144.5,14919613.343425566,0.26795485636114913,0.2978796169630643,0.1872435020519836,0.03266073871409029
300253,10425,28.64010989010989,10703,29.403846153846153,0.974025974025974,542,576,2710173.3929016786,628111.0,99559296.06353566,0.27261390887290166,0.22829736211031176,0.20565947242206234,0.03136690647482014
3477,15158,43.43266475644699,14130,40.371428571428574,1.0727530077848548,673,681,1974052.4735453227,740773.5,98129077.76286945,0.26810924924132473,0.23848792716717246,0.2053041298324317,0.025728987993138937
200255,8212,22.560439560439562,8073,22.178571428571427,1.017217886783104,378,428,1353841.0532148075,893468.0,13608182.028599717,0.26777886020457864,0.28470530930345833,0.19934242571846078,0.023745737944471504
200106,2810,7.71978021978022,1880,5.251396648044692,1.4946808510638299,380,358,1458258.7697508896,1141316.0,9675905.46601988,0.2615658362989324,0.3117437722419929,0.20213523131672598,0.019217081850533807
200121,7176,19.714285714285715,7089,19.475274725274726,1.012272534913246,451,464,1706300.9914994426,809968.0,31881100.574979786,0.22115384615384615,0.38642697881828314,0.13447603121516166,0.056856187290969896
2703,8950,24.587912087912088,7942,21.818681318681318,1.126920171241501,638,600,1774108.733631285,733677.5,43371312.036063366,0.2100558659217877,0.18849162011173184,0.2877094972067039,0.027262569832402234
3486,10828,29.747252747252748,10815,29.71153846153846,1.001202034211743,583,568,1404844.7851865534,854540.5,19008718.375262327,0.175932766900628,0.16780568895456224,0.28555596601403765,0.024288880679719245
1137,6818,18.78236914600551,6796,18.67032967032967,1.0032371983519717,607,606,1723747.6280434146,750707.0,33240951.299422897,0.2782340862422998,0.21325902024053975,0.20871223232619537,0.045761220299207976
1122,10579,29.063186813186814,11781,32.36538461538461,0.8979713097360156,683,679,1258775.1647603742,762117.0,13501503.434554743,0.18735230172984213,0.16343699782588147,0.33103317893940826,0.017676528972492674
3498,4643,12.755494505494505,4562,12.532967032967033,1.0177553704515563,506,484,1111188.9732931294,724262.0,11178149.900852816,0.2104242946370881,0.29808313590351065,0.2500538444970924,0.015076459185871204
3483,9071,24.92032967032967,9014,24.763736263736263,1.0063234967827823,585,565,1289256.7558152354,734571.0,14739817.470478388,0.27218608753169443,0.13515599162165143,0.2708631903869474,0.023922390034174842
1176,8108,22.213698630136985,8414,23.115384615384617,0.9636320418350368,649,598,2721132.8249876667,717779.0,57964270.8357591,0.1858658115441539,0.32683769116921557,0.18771583621114948,0.038727183029107055
300036,6313,17.343406593406595,6446,17.708791208791208,0.9793670493329196,463,494,938808.6332963726,790600.0,1851857.3122307227,0.23871376524631713,0.3852368129257089,0.12862347536828767,0.05385712022810074
1033,11690,32.11538461538461,11810,32.44505494505494,0.9898391193903472,665,646,1006887.7032506416,698490.5,6520288.931755424,0.26586826347305387,0.16971770744225834,0.269803250641574,0.0213857998289136
300024,12618,34.66483516483517,12061,33.13461538461539,1.046181908631125,574,585,1147024.8210492947,704588.5,11204229.404624404,0.26810905056268824,0.3157394198763671,0.1902044698050404,0.03170074496750674
1042,7585,20.837912087912088,7821,21.486263736263737,0.9698248305843242,718,687,1350373.6286090969,1008234.0,5108302.492143612,0.2018457481872116,0.04126565589980224,0.4061964403427818,0.02056690837178642
300030,7242,19.895604395604394,6960,19.173553719008265,1.0405172413793105,534,552,1045509.5563380282,697483.0,4838895.222617879,0.2673294669980668,0.2187241093620547,0.20698702016017675,0.07594587130626898
1048,12819,35.31404958677686,13338,36.743801652892564,0.9610886189833558,734,717,1218036.4813948045,872727.0,3397011.057311986,0.14837350807395272,0.05476246197051252,0.45588579452375383,0.015523831812153834
200026,16202,44.510989010989015,16126,44.3021978021978,1.0047128860225722,716,698,1914622.627947167,976666.0,24349297.099096797,0.2986051104801876,0.22423157634859894,0.1943587211455376,0.053882236760893716
200145,4278,21.715736040609137,4093,20.882653061224488,1.045199120449548,454,462,1179159.1617578308,823707.0,3361773.294043421,0.2935951379149135,0.2755960729312763,0.2026647966339411,0.028985507246376812
1161,32640,89.67032967032966,41383,113.37808219178082,0.788729671604282,758,769,1177954.1952205882,721476.5,18733032.858446952,0.2248468137254902,0.09776348039215686,0.3597120098039216,0.018658088235294117
3507,12540,34.45054945054945,12690,34.862637362637365,0.9881796690307328,721,708,1167717.9603668263,723535.5,10360166.51595238,0.13708133971291867,0.10685805422647528,0.35637958532695374,0.01555023923444976
200014,7957,21.85989010989011,7667,21.063186813186814,1.0378244424155472,396,406,1170123.8927987935,706638.0,8202699.699173918,0.3270076662058565,0.2984793263792887,0.21289430689958527,0.01834862385321101
1164,11878,32.63186813186813,12012,33.0,0.9888444888444888,697,657,1079398.28346523,699270.0,10001966.41970575,0.13428186563394512,0.19700286243475332,0.2864960431048998,0.01296514564741539
200011,11944,32.81318681318681,11574,31.796703296703296,1.0319682045965095,417,441,1447302.3925820496,776326.5,25480702.29078256,0.2634795713328868,0.3342263898191561,0.16527126590756866,0.03725720026791694
300033,3691,10.168044077134986,3685,10.151515151515152,1.001628222523745,407,421,3294623.66540233,1086728.0,80501107.98487803,0.2489840151720401,0.2489840151720401,0.19642373340558114,0.08859387699810349
1036,12821,35.12602739726027,12933,35.43287671232877,0.9913399829892523,686,659,1120620.0932064583,737382.0,8427601.759438043,0.23601903127681148,0.18929880664534748,0.2738475937914359,0.021761173075423135
1170,13239,36.271232876712325,14167,38.92032967032967,0.9344956589256723,694,688,1207702.062542488,814572.0,11566966.380359666,0.17523982173880204,0.16768638114661227,0.29496185512500944,0.014427071531082409
1027,11916,32.73626373626374,11437,31.334246575342465,1.0418816123109207,602,611,2820882.3423128566,919736.0,143331251.52501333,0.3015273581738839,0.2948136958710977,0.17287680429674387,0.02945619335347432
200133,15644,42.97802197802198,15588,42.824175824175825,1.0035925070567102,654,669,2072728.4108923548,750920.5,94163428.57602781,0.2651495781130146,0.2799795448734339,0.20992073638455638,0.027742265405267193
300027,10033,27.563186813186814,9641,26.486263736263737,1.0406596826055388,446,433,1235906.2643277186,685768.0,13966194.164037962,0.2688129173726702,0.2881491079437855,0.1835941393401774,0.021728296621150205
200020,12442,34.27548209366391,11750,32.28021978021978,1.0588936170212766,564,602,1137424.7498794405,738841.5,10678518.375833744,0.27921556019932486,0.2853239029095001,0.15560199324867385,0.04340138241440283
200141444,4112,29.797101449275363,4396,31.855072463768117,0.935395814376706,435,451,2824577.386916342,1013521.5,48627801.77494758,0.2198443579766537,0.16439688715953307,0.29450389105058367,0.01629377431906615
200148,14070,38.65384615384615,13094,35.972527472527474,1.07453795631587,537,509,1353300.56297086,609900.5,23829355.42606477,0.26744847192608384,0.20845771144278608,0.20113717128642503,0.027078891257995737
1167,12062,33.22865013774105,11652,32.099173553719005,1.0351870923446618,668,651,1507389.6040457636,1053261.5,25333414.07424037,0.10951749295307578,0.3192671198806168,0.27400099485989055,0.007212734206599237
200023,3864,10.644628099173554,3681,10.084931506849315,1.0497147514262428,427,407,1208026.0186335405,1118282.5,2304538.8774983026,0.19772256728778467,0.5178571428571429,0.1110248447204969,0.008540372670807454
300039,5305,14.574175824175825,5176,14.219780219780219,1.0249227202472952,361,366,1337357.3977379831,795455.0,17949385.89543188,0.3051837888784166,0.30386427898209234,0.2060320452403393,0.015268614514608859
1085444,6463,50.10077519379845,6514,50.49612403100775,0.9921707092416334,590,585,1986393.4945071947,861135.0,57771610.846920036,0.25251431223889836,0.1505492805198824,0.31425034813554076,0.015936871421940276
300015,13531,37.17307692307692,13616,37.3041095890411,0.9937573443008225,572,609,2065949.2883009387,520542.0,66749475.13471895,0.25785233907323923,0.2292513487547114,0.21580075382455102,0.05757150247579632
200017,16344,44.9010989010989,10610,29.068493150684933,1.5404335532516493,629,565,1742389.7470631425,946379.5,25139032.13135732,0.27312775330396477,0.264990210474792,0.14684287812041116,0.010401370533529124
1039,6110,16.831955922865014,5810,15.961538461538462,1.0516351118760758,471,481,2109597.279705401,847541.5,63605602.128926925,0.26366612111292964,0.32471358428805236,0.1635024549918167,0.020949263502454993
1024,7313,20.09065934065934,7476,20.53846153846154,0.9781968967362226,656,632,2156920.875017093,1083998.0,31910720.412554096,0.3217557773827431,0.05141528784356625,0.2412142759469438,0.026938329003145085
1155,11545,31.717032967032967,10628,29.197802197802197,1.0862815205118554,640,629,1036214.5936769164,683707.0,12682730.576833213,0.23317453443048938,0.30394110004330877,0.20554352533564313,0.015158077089649198
1173,8081,22.20054945054945,7147,19.634615384615383,1.130684203162166,539,520,1207887.2878356639,765310.0,8704953.04441529,0.24625665140452915,0.31790619972775647,0.16792476178690757,0.01720084148001485
1030,5801,15.936813186813186,5048,13.90633608815427,1.1491679873217115,419,432,1576582.6810894674,641722.0,21884102.8155359,0.24202723668333045,0.34752628857093604,0.14876745388726081,0.01172211687640062
200005,11246,30.895604395604394,11716,32.18681318681319,0.9598839194264254,709,688,1091922.6181753513,816051.0,3923571.8669576505,0.1886003912502223,0.13035746043037524,0.32260359238840475,0.017250577983282944
200142,13727,37.71153846153846,13806,37.92857142857143,0.9942778502100535,639,615,1401796.0390471334,811355.0,14573770.690535998,0.22473956436220588,0.2109710788956072,0.23814380418154002,0.025570044437968967
200008,9610,26.328767123287673,10127,27.821428571428573,0.9489483558803199,692,644,1235634.9175858481,876608.5,5872483.325182335,0.22840790842872008,0.08043704474505724,0.39250780437044747,0.013631633714880333
1152,13325,36.607142857142854,13545,37.10958904109589,0.9837578442229605,756,718,1457063.8806003751,897565.0,14650202.665963177,0.199624765478424,0.07609756097560975,0.39054409005628515,0.0175609756097561
300021,12845,35.28846153846154,13148,36.120879120879124,0.9769546699117736,412,447,9153545.890229661,1152932.0,206896112.7452827,0.320358115998443,0.10151810042818217,0.2711560918645387,0.010509926041261192
200002,8187,22.49175824175824,7137,19.553424657534247,1.1471206389239177,429,428,840460.7991938438,672581.0,2621994.531250209,0.2560156345425675,0.2932698180041529,0.17014779528520826,0.03578844509588372
1018,12757,35.0467032967033,13574,37.29120879120879,0.9398114041550022,617,604,1163570.2056126047,785901.0,6030279.767497119,0.2741240103472603,0.1762953672493533,0.2491965195578898,0.008936270282981893
200136,8336,31.220973782771537,8554,31.917910447761194,0.9745148468552723,461,465,2247395.783109405,991733.0,55551692.706983276,0.14311420345489442,0.11576295585412667,0.39119481765834935,0.0147552783109405
1158,9008,24.747252747252748,9682,26.5989010989011,0.9303862838256558,751,740,2184893.8620115453,1182271.0,32999930.628494006,0.3029529307282416,0.021647424511545294,0.2897424511545293,0.06993783303730018
1190444,1901,52.80555555555556,1874,52.05555555555556,1.0144076840981857,361,361,828584.9163598106,616058.0,1561311.582401115,0.194634402945818,0.3256180957390847,0.22619673855865335,0.05365597054182009
300012,5741,15.771978021978022,5553,15.297520661157025,1.0338555735638393,458,483,1186855.3468036926,810924.0,6165598.538295924,0.22922835742901934,0.3325204668176276,0.18063055216861174,0.056610346629507056
200151,13330,36.620879120879124,12764,35.065934065934066,1.0443434659981197,575,579,1036174.3805701425,521004.0,14902521.320244886,0.22445611402850713,0.22730682670667668,0.24463615903975994,0.02693173293323331
300018,10887,29.90934065934066,10882,29.895604395604394,1.0004594743613306,438,442,892069.9377238909,605576.0,10882150.97984072,0.1768163865160283,0.17846973454578854,0.256177091944521,0.027831358500964454
1045,9855,27.14876033057851,9912,27.23076923076923,0.9942493946731235,655,645,1238560.5092846272,761825.0,20697945.662641764,0.12115677321156773,0.14946727549467276,0.41451040081177065,0.017453069507864027
1179,7539,20.654794520547945,7534,20.697802197802197,1.0006636580833554,542,533,1025373.9867356414,763257.0,3779546.809319686,0.2330547818012999,0.21024008489189547,0.26727682716540657,0.02560021222973869
200157,14369,39.47527472527472,14398,39.446575342465756,0.9979858313654675,646,661,1058065.674646809,743040.0,4200832.8727092175,0.314148514162433,0.06541860950657666,0.3089985385204259,0.02213097640754402
200127,4970,13.653846153846153,5497,15.101648351648352,0.9041295251955612,379,420,1833599.6784708248,965054.5,9418135.20845085,0.3647887323943662,0.2140845070422535,0.18088531187122736,0.030181086519114688
200154,6182,16.983516483516482,6308,17.32967032967033,0.9800253646163601,485,524,1722511.2038175347,730145.5,22464873.697148204,0.3089615011323196,0.19750889679715303,0.24555160142348753,0.028955030734390166
